time,algo,unpaid_total_amount,unpaid_algo_amount,profitability,balance
2021-10-16 06:05:00,54,0.00000000,0.00000000,0,
2021-10-16 06:05:00,0,0.00000000,0.00000000,0,
2021-10-16 00:00:00,0,0.00000000,0.00000000,0,
2021-10-16 00:00:00,54,0.00000000,0.00000000,0,
2021-10-15 23:59:59,54,0.00001036,0.00001036,0.000017279999999999997,
2021-10-15 17:00:00,54,0.00001036,0.00001036,0.000017279999999999997,
2021-10-15 16:55:00,54,0.00001030,0.00001030,0.000017280000000000004,
2021-10-15 16:50:00,54,0.00001024,0.00001024,0.000020160000000000003,
2021-10-15 16:45:00,54,0.00001017,0.00001017,0.000014400000000000001,
2021-10-15 16:40:00,54,0.00001012,0.00001012,0.000020159999999999997,
2021-10-15 16:35:00,54,0.00001005,0.00001005,0.000020160000000000003,
2021-10-15 16:30:00,54,0.00000998,0.00000998,0.00002592,
2021-10-15 16:25:00,54,0.00000989,0.00000989,0.000014400000000000001,
2021-10-15 16:20:00,54,0.00000984,0.00000984,0.000014400000000000001,
2021-10-15 16:15:00,54,0.00000979,0.00000979,0.000011520000000000002,
2021-10-15 16:10:00,54,0.00000975,0.00000975,0.000020159999999999997,
2021-10-15 16:05:00,54,0.00000968,0.00000968,0.000011520000000000002,
2021-10-15 16:00:00,54,0.00000964,0.00000964,0.000011520000000000002,
2021-10-15 15:55:00,54,0.00000960,0.00000960,0.000017279999999999997,
2021-10-15 15:50:00,54,0.00000954,0.00000954,0.000014400000000000001,
2021-10-15 15:45:00,54,0.00000949,0.00000949,0.000017280000000000004,
2021-10-15 15:40:00,54,0.00000943,0.00000943,0.000020160000000000003,
2021-10-15 15:35:00,54,0.00000936,0.00000936,0.000014400000000000001,
2021-10-15 15:30:00,54,0.00000931,0.00000931,0.000014400000000000001,
2021-10-15 15:25:00,54,0.00000926,0.00000926,0.000011520000000000002,
2021-10-15 15:20:00,54,0.00000922,0.00000922,0.000017280000000000004,
2021-10-15 15:15:00,54,0.00000916,0.00000916,0.000020160000000000003,
2021-10-15 15:10:00,54,0.00000909,0.00000909,0.000023040000000000003,
2021-10-15 15:05:00,54,0.00000901,0.00000901,0.000014400000000000001,
2021-10-15 15:00:00,54,0.00000896,0.00000896,0.000023040000000000003,
2021-10-15 14:55:00,54,0.00000888,0.00000888,0.000014400000000000001,
2021-10-15 14:50:00,54,0.00000883,0.00000883,0.000011520000000000002,
2021-10-15 14:45:00,54,0.00000879,0.00000879,0.000011520000000000002,
2021-10-15 14:40:00,54,0.00000875,0.00000875,0.000014400000000000001,
2021-10-15 14:35:00,54,0.00000870,0.00000870,0.000020159999999999997,
2021-10-15 14:30:00,54,0.00000863,0.00000863,0.000023040000000000003,
2021-10-15 14:25:00,54,0.00000855,0.00000855,0.000014400000000000001,
2021-10-15 14:20:00,54,0.00000850,0.00000850,0.000017279999999999997,
2021-10-15 14:15:00,54,0.00000844,0.00000844,0.000014400000000000001,
2021-10-15 14:10:00,54,0.00000839,0.00000839,0.000031679999999999995,
2021-10-15 14:05:00,54,0.00000828,0.00000828,0.000020160000000000003,
2021-10-15 14:00:00,54,0.00000821,0.00000821,0.000023040000000000003,
2021-10-15 13:55:00,54,0.00000813,0.00000813,0.000014400000000000001,
2021-10-15 13:50:00,54,0.00000808,0.00000808,0.000014400000000000001,
2021-10-15 13:45:00,54,0.00000803,0.00000803,0.000011520000000000002,
2021-10-15 13:40:00,54,0.00000799,0.00000799,0.000014400000000000001,
2021-10-15 13:35:00,54,0.00000794,0.00000794,0.000020159999999999997,
2021-10-15 13:30:00,54,0.00000787,0.00000787,0.000023040000000000003,
2021-10-15 13:25:00,54,0.00000779,0.00000779,0.000014400000000000001,
2021-10-15 13:20:00,54,0.00000774,0.00000774,0.000020160000000000003,
2021-10-15 13:15:00,54,0.00000767,0.00000767,0.000011520000000000002,
2021-10-15 13:10:00,54,0.00000763,0.00000763,0.000014400000000000001,
2021-10-15 13:05:00,54,0.00000758,0.00000758,0.000017280000000000004,
2021-10-15 13:00:00,54,0.00000752,0.00000752,0.000017280000000000004,
2021-10-15 12:55:00,54,0.00000746,0.00000746,0.000020159999999999997,
2021-10-15 12:50:00,54,0.00000739,0.00000739,0.000017280000000000004,
2021-10-15 12:45:00,54,0.00000733,0.00000733,0.000014400000000000001,
2021-10-15 12:40:00,54,0.00000728,0.00000728,0.000020160000000000003,
2021-10-15 12:35:00,54,0.00000721,0.00000721,0.000008640000000000002,
2021-10-15 12:30:00,54,0.00000718,0.00000718,0.000014400000000000001,
2021-10-15 12:25:00,54,0.00000713,0.00000713,0.000017280000000000004,
2021-10-15 12:20:00,54,0.00000707,0.00000707,0.000008640000000000002,
2021-10-15 12:15:00,54,0.00000704,0.00000704,0.00002592,
2021-10-15 12:10:00,54,0.00000695,0.00000695,0.000017280000000000004,
2021-10-15 12:05:00,54,0.00000689,0.00000689,0.000017280000000000004,
2021-10-15 12:00:00,54,0.00000683,0.00000683,0.000020160000000000003,
2021-10-15 11:55:00,54,0.00000676,0.00000676,0.000011520000000000002,
2021-10-15 11:50:00,54,0.00000672,0.00000672,0.000028800000000000002,
2021-10-15 11:45:00,54,0.00000662,0.00000662,0.000028800000000000002,
2021-10-15 11:40:00,54,0.00000652,0.00000652,0.00002592,
2021-10-15 11:35:00,54,0.00000643,0.00000643,0.000017279999999999997,
2021-10-15 11:30:00,54,0.00000637,0.00000637,0.000017279999999999997,
2021-10-15 11:25:00,54,0.00000631,0.00000631,0.000025920000000000003,
2021-10-15 11:20:00,54,0.00000622,0.00000622,0.000017280000000000004,
2021-10-15 11:15:00,54,0.00000616,0.00000616,0.000017279999999999997,
2021-10-15 11:10:00,54,0.00000610,0.00000610,0.000017280000000000004,
2021-10-15 11:05:00,54,0.00000604,0.00000604,0.000020160000000000003,
2021-10-15 11:00:00,54,0.00000597,0.00000597,0.000025920000000000003,
2021-10-15 10:55:00,54,0.00000588,0.00000588,0.000017280000000000004,
2021-10-15 10:50:00,54,0.00000582,0.00000582,0.000017280000000000004,
2021-10-15 10:45:00,54,0.00000576,0.00000576,0.000020159999999999997,
2021-10-15 10:40:00,54,0.00000569,0.00000569,0.000017280000000000004,
2021-10-15 10:35:00,54,0.00000563,0.00000563,0.000017280000000000004,
2021-10-15 10:30:00,54,0.00000557,0.00000557,0.00002592,
2021-10-15 10:25:00,54,0.00000548,0.00000548,0.000014400000000000001,
2021-10-15 10:20:00,54,0.00000543,0.00000543,0.000020159999999999997,
2021-10-15 10:15:00,54,0.00000536,0.00000536,0.000014400000000000001,
2021-10-15 10:10:00,54,0.00000531,0.00000531,0.000011520000000000002,
2021-10-15 10:05:00,54,0.00000527,0.00000527,0.000020160000000000003,
2021-10-15 10:00:00,54,0.00000520,0.00000520,0.000017280000000000004,
2021-10-15 09:55:00,54,0.00000514,0.00000514,0.000017280000000000004,
2021-10-15 09:50:00,54,0.00000508,0.00000508,0.000020160000000000003,
2021-10-15 09:45:00,54,0.00000501,0.00000501,0.000011520000000000002,
2021-10-15 09:40:00,54,0.00000497,0.00000497,0.000025920000000000003,
2021-10-15 09:35:00,54,0.00000488,0.00000488,0.000017280000000000004,
2021-10-15 09:30:00,54,0.00000482,0.00000482,0.000008640000000000002,
2021-10-15 09:25:00,54,0.00000479,0.00000479,0.000014400000000000001,
2021-10-15 09:20:00,54,0.00000474,0.00000474,0.000025919999999999992,
2021-10-15 09:15:00,54,0.00000465,0.00000465,0.000017280000000000004,
2021-10-15 09:10:00,54,0.00000459,0.00000459,0.000025920000000000003,
2021-10-15 09:05:00,54,0.00000450,0.00000450,0.000011520000000000002,
2021-10-15 09:00:00,54,0.00000446,0.00000446,0.000028800000000000002,
2021-10-15 08:55:00,54,0.00000436,0.00000436,0.000017280000000000004,
2021-10-15 08:50:00,54,0.00000430,0.00000430,0.000020160000000000003,
2021-10-15 08:45:00,54,0.00000423,0.00000423,0.000014400000000000001,
2021-10-15 08:40:00,54,0.00000418,0.00000418,0.000023040000000000003,
2021-10-15 08:35:00,54,0.00000410,0.00000410,0.000017279999999999997,
2021-10-15 08:30:00,54,0.00000404,0.00000404,0.000020159999999999997,
2021-10-15 08:25:00,54,0.00000397,0.00000397,0.000020159999999999997,
2021-10-15 08:20:00,54,0.00000390,0.00000390,0.000023040000000000003,
2021-10-15 08:15:00,54,0.00000382,0.00000382,0.000011520000000000002,
2021-10-15 08:10:00,54,0.00000378,0.00000378,0.000017280000000000004,
2021-10-15 08:05:00,54,0.00000372,0.00000372,0.000023040000000000003,
2021-10-15 08:00:00,54,0.00000364,0.00000364,0.000023040000000000003,
2021-10-15 07:55:00,54,0.00000356,0.00000356,0.000020160000000000003,
2021-10-15 07:50:00,54,0.00000349,0.00000349,0.000023040000000000003,
2021-10-15 07:45:00,54,0.00000341,0.00000341,0.000017280000000000004,
2021-10-15 07:40:00,54,0.00000335,0.00000335,0.000025920000000000003,
2021-10-15 07:35:00,54,0.00000326,0.00000326,0.000011520000000000002,
2021-10-15 07:30:00,54,0.00000322,0.00000322,0.000020160000000000003,
2021-10-15 07:25:00,54,0.00000315,0.00000315,0.000011520000000000002,
2021-10-15 07:20:00,54,0.00000311,0.00000311,0.000028800000000000002,
2021-10-15 07:15:00,54,0.00000301,0.00000301,0.000014400000000000001,
2021-10-15 07:10:00,54,0.00000296,0.00000296,0.000023040000000000003,
2021-10-15 07:05:00,54,0.00000288,0.00000288,0.000014400000000000001,
2021-10-15 07:00:00,54,0.00000283,0.00000283,0.000020159999999999997,
2021-10-15 06:55:00,54,0.00000276,0.00000276,0.000023040000000000003,
2021-10-15 06:50:00,54,0.00000268,0.00000268,0.000023040000000000003,
2021-10-15 06:45:00,54,0.00000260,0.00000260,0.000020159999999999997,
2021-10-15 06:40:00,54,0.00000253,0.00000253,0.000017280000000000004,
2021-10-15 06:35:00,54,0.00000247,0.00000247,0.000023040000000000003,
2021-10-15 06:30:00,54,0.00000239,0.00000239,0.000017279999999999997,
2021-10-15 06:25:00,54,0.00000233,0.00000233,0.000014400000000000001,
2021-10-15 06:20:00,54,0.00000228,0.00000228,0.000017279999999999997,
2021-10-15 06:15:00,54,0.00000222,0.00000222,0.000011520000000000002,
2021-10-15 06:10:00,54,0.00000218,0.00000218,0.000020160000000000003,
2021-10-15 06:05:00,54,0.00000211,0.00000211,0.000017279999999999997,
2021-10-15 06:00:00,54,0.00000205,0.00000205,0.000020160000000000003,
2021-10-15 05:55:00,54,0.00000198,0.00000198,0.000023040000000000003,
2021-10-15 05:50:00,54,0.00000190,0.00000190,0.00003744000000000001,
2021-10-15 05:45:00,54,0.00000177,0.00000177,0.000017280000000000004,
2021-10-15 05:40:00,54,0.00000171,0.00000171,0.000020160000000000003,
2021-10-15 05:35:00,54,0.00000164,0.00000164,0.000017279999999999997,
2021-10-15 05:30:00,54,0.00000158,0.00000158,0.000017280000000000004,
2021-10-15 05:25:00,54,0.00000152,0.00000152,0.000014400000000000001,
2021-10-15 05:20:00,54,0.00000147,0.00000147,0.000020160000000000003,
2021-10-15 05:15:00,54,0.00000140,0.00000140,0.000014400000000000001,
2021-10-15 05:10:00,54,0.00000135,0.00000135,0.000011520000000000002,
2021-10-15 05:05:00,54,0.00000131,0.00000131,0.000014400000000000001,
2021-10-15 05:00:00,54,0.00000126,0.00000126,0.000025920000000000003,
2021-10-15 04:55:00,54,0.00000117,0.00000117,0.00002592,
2021-10-15 04:50:00,54,0.00000108,0.00000108,0.000020159999999999997,
2021-10-15 04:45:00,54,0.00000101,0.00000101,0.000005760000000000001,
2021-10-15 04:40:00,54,0.00000099,0.00000099,0.000014400000000000001,
2021-10-15 04:35:00,54,0.00000094,0.00000094,0.000028800000000000002,
2021-10-15 04:30:00,54,0.00000084,0.00000084,0.000014400000000000001,
2021-10-15 04:25:00,54,0.00000079,0.00000079,0.000028800000000000002,
2021-10-15 04:20:00,54,0.00000069,0.00000069,0.000014400000000000001,
2021-10-15 04:15:00,54,0.00000064,0.00000064,0.000017280000000000004,
2021-10-15 04:10:00,54,0.00000058,0.00000058,0.000023040000000000003,
2021-10-15 04:05:00,54,0.00000050,0.00000050,0.000014400000000000001,
2021-10-15 04:00:00,54,0.00000045,0.00000045,0.000014400000000000001,
2021-10-15 03:55:00,54,0.00000040,0.00000040,0.000011520000000000002,
2021-10-15 03:50:00,54,0.00000036,0.00000036,0.000017280000000000004,
2021-10-15 03:45:00,54,0.00000030,0.00000030,0.000020160000000000003,
2021-10-15 03:40:00,54,0.00000023,0.00000023,0.000020160000000000003,
2021-10-15 03:35:00,54,0.00000016,0.00000016,0.000023040000000000003,
2021-10-15 03:30:00,54,0.00000008,0.00000008,0.000014400000000000001,
2021-10-15 03:25:00,54,0.00000003,0.00000003,0.0000028800000000000004,
2021-10-15 03:20:00,0,0.00000002,0.00000000,0,
2021-10-15 03:20:00,54,0.00000002,0.00000002,0,
2021-10-15 00:00:00,0,0.00000000,0.00000000,0,
2021-10-15 00:00:00,54,0.00000000,0.00000000,0,
2021-10-14 23:59:59,54,0.00001042,0.00001042,0.000014400000000000001,
2021-10-14 17:10:00,54,0.00001042,0.00001042,0.000020160000000000003,
2021-10-14 17:05:00,54,0.00001035,0.00001035,0.0000028800000000000004,
2021-10-14 17:00:00,54,0.00001034,0.00001034,0.000011520000000000002,
2021-10-14 16:55:00,54,0.00001030,0.00001030,0.000014400000000000001,
2021-10-14 16:50:00,54,0.00001025,0.00001025,0.000017280000000000004,
2021-10-14 16:45:00,54,0.00001019,0.00001019,0.000014400000000000001,
2021-10-14 16:40:00,54,0.00001014,0.00001014,0.000020160000000000003,
2021-10-14 16:35:00,54,0.00001007,0.00001007,0.000014400000000000001,
2021-10-14 16:30:00,54,0.00001002,0.00001002,0.000017280000000000004,
2021-10-14 16:25:00,54,0.00000996,0.00000996,0.000017280000000000004,
2021-10-14 16:20:00,54,0.00000990,0.00000990,0.000014400000000000001,
2021-10-14 16:15:00,54,0.00000985,0.00000985,0.000020160000000000003,
2021-10-14 16:10:00,54,0.00000978,0.00000978,0.000014400000000000001,
2021-10-14 16:05:00,54,0.00000973,0.00000973,0.000023040000000000003,
2021-10-14 16:00:00,54,0.00000965,0.00000965,0.000014400000000000001,
2021-10-14 15:55:00,54,0.00000960,0.00000960,0.000014400000000000001,
2021-10-14 15:50:00,54,0.00000955,0.00000955,0.000011520000000000002,
2021-10-14 15:45:00,54,0.00000951,0.00000951,0.000020159999999999997,
2021-10-14 15:40:00,54,0.00000944,0.00000944,0.000017280000000000004,
2021-10-14 15:35:00,54,0.00000938,0.00000938,0.000017279999999999997,
2021-10-14 15:30:00,54,0.00000932,0.00000932,0.000014400000000000001,
2021-10-14 15:25:00,54,0.00000927,0.00000927,0.000011520000000000002,
2021-10-14 15:20:00,54,0.00000923,0.00000923,0.000025920000000000003,
2021-10-14 15:15:00,54,0.00000914,0.00000914,0.000011520000000000002,
2021-10-14 15:10:00,54,0.00000910,0.00000910,0.000014400000000000001,
2021-10-14 15:05:00,54,0.00000905,0.00000905,0.000023040000000000003,
2021-10-14 15:00:00,54,0.00000897,0.00000897,0.000017280000000000004,
2021-10-14 14:55:00,54,0.00000891,0.00000891,0.000028800000000000002,
2021-10-14 14:50:00,54,0.00000881,0.00000881,0.000025919999999999992,
2021-10-14 14:45:00,54,0.00000872,0.00000872,0.000020160000000000003,
2021-10-14 14:40:00,54,0.00000865,0.00000865,0.000028800000000000002,
2021-10-14 14:35:00,54,0.00000855,0.00000855,0.000014400000000000001,
2021-10-14 14:30:00,54,0.00000850,0.00000850,0.000017280000000000004,
2021-10-14 14:25:00,54,0.00000844,0.00000844,0.000023040000000000003,
2021-10-14 14:20:00,54,0.00000836,0.00000836,0.000023040000000000003,
2021-10-14 14:15:00,54,0.00000828,0.00000828,0.000020159999999999997,
2021-10-14 14:10:00,54,0.00000821,0.00000821,0.000020159999999999997,
2021-10-14 14:05:00,54,0.00000814,0.00000814,0.000017280000000000004,
2021-10-14 14:00:00,54,0.00000808,0.00000808,0.000017279999999999997,
2021-10-14 13:55:00,54,0.00000802,0.00000802,0.000020160000000000003,
2021-10-14 13:50:00,54,0.00000795,0.00000795,0.000023040000000000003,
2021-10-14 13:45:00,54,0.00000787,0.00000787,0.000017280000000000004,
2021-10-14 13:40:00,54,0.00000781,0.00000781,0.000020159999999999997,
2021-10-14 13:35:00,54,0.00000774,0.00000774,0.000020159999999999997,
2021-10-14 13:30:00,54,0.00000767,0.00000767,0.000017280000000000004,
2021-10-14 13:25:00,54,0.00000761,0.00000761,0.000011520000000000002,
2021-10-14 13:20:00,54,0.00000757,0.00000757,0.000017279999999999997,
2021-10-14 13:15:00,54,0.00000751,0.00000751,0.000020160000000000003,
2021-10-14 13:10:00,54,0.00000744,0.00000744,0.000020160000000000003,
2021-10-14 13:05:00,54,0.00000737,0.00000737,0.000020160000000000003,
2021-10-14 13:00:00,54,0.00000730,0.00000730,0.000020160000000000003,
2021-10-14 12:55:00,54,0.00000723,0.00000723,0.00002592,
2021-10-14 12:50:00,54,0.00000714,0.00000714,0.000014400000000000001,
2021-10-14 12:45:00,54,0.00000709,0.00000709,0.000025920000000000003,
2021-10-14 12:40:00,54,0.00000700,0.00000700,0.000011520000000000002,
2021-10-14 12:35:00,54,0.00000696,0.00000696,0.000023040000000000003,
2021-10-14 12:30:00,54,0.00000688,0.00000688,0.000017280000000000004,
2021-10-14 12:25:00,54,0.00000682,0.00000682,0.000017280000000000004,
2021-10-14 12:20:00,54,0.00000676,0.00000676,0.000008640000000000002,
2021-10-14 12:15:00,54,0.00000673,0.00000673,0.000014400000000000001,
2021-10-14 12:10:00,54,0.00000668,0.00000668,0.000014400000000000001,
2021-10-14 12:05:00,54,0.00000663,0.00000663,0.000020159999999999997,
2021-10-14 12:00:00,54,0.00000656,0.00000656,0.000014400000000000001,
2021-10-14 11:55:00,54,0.00000651,0.00000651,0.000014400000000000001,
2021-10-14 11:50:00,54,0.00000646,0.00000646,0.000014400000000000001,
2021-10-14 11:45:00,54,0.00000641,0.00000641,0.000014400000000000001,
2021-10-14 11:40:00,54,0.00000636,0.00000636,0.000025920000000000003,
2021-10-14 11:35:00,54,0.00000627,0.00000627,0.000023039999999999996,
2021-10-14 11:30:00,54,0.00000619,0.00000619,0.000014400000000000001,
2021-10-14 11:25:00,54,0.00000614,0.00000614,0.000023040000000000003,
2021-10-14 11:20:00,54,0.00000606,0.00000606,0.000011520000000000002,
2021-10-14 11:15:00,54,0.00000602,0.00000602,0.000017280000000000004,
2021-10-14 11:10:00,54,0.00000596,0.00000596,0.000023040000000000003,
2021-10-14 11:05:00,54,0.00000588,0.00000588,0.000014400000000000001,
2021-10-14 11:00:00,54,0.00000583,0.00000583,0.000011520000000000002,
2021-10-14 10:55:00,54,0.00000579,0.00000579,0.00002592,
2021-10-14 10:50:00,54,0.00000570,0.00000570,0.000017279999999999997,
2021-10-14 10:45:00,54,0.00000564,0.00000564,0.000014400000000000001,
2021-10-14 10:40:00,54,0.00000559,0.00000559,0.000011520000000000002,
2021-10-14 10:35:00,54,0.00000555,0.00000555,0.000017279999999999997,
2021-10-14 10:30:00,54,0.00000549,0.00000549,0.000023040000000000003,
2021-10-14 10:25:00,54,0.00000541,0.00000541,0.000011520000000000002,
2021-10-14 10:20:00,54,0.00000537,0.00000537,0.000014400000000000001,
2021-10-14 10:15:00,54,0.00000532,0.00000532,0.000020160000000000003,
2021-10-14 10:10:00,54,0.00000525,0.00000525,0.000023040000000000003,
2021-10-14 10:05:00,54,0.00000517,0.00000517,0.000023039999999999996,
2021-10-14 10:00:00,54,0.00000509,0.00000509,0.000014400000000000001,
2021-10-14 09:55:00,54,0.00000504,0.00000504,0.000014400000000000001,
2021-10-14 09:50:00,54,0.00000499,0.00000499,0.000020160000000000003,
2021-10-14 09:45:00,54,0.00000492,0.00000492,0.000014400000000000001,
2021-10-14 09:40:00,54,0.00000487,0.00000487,0.000008640000000000002,
2021-10-14 09:35:00,54,0.00000484,0.00000484,0.000020160000000000003,
2021-10-14 09:30:00,54,0.00000477,0.00000477,0.00003168,
2021-10-14 09:25:00,54,0.00000466,0.00000466,0.000014400000000000001,
2021-10-14 09:20:00,54,0.00000461,0.00000461,0.000020160000000000003,
2021-10-14 09:15:00,54,0.00000454,0.00000454,0.000017279999999999997,
2021-10-14 09:10:00,54,0.00000448,0.00000448,0.000020160000000000003,
2021-10-14 09:05:00,54,0.00000441,0.00000441,0.000020160000000000003,
2021-10-14 09:00:00,54,0.00000434,0.00000434,0.000017280000000000004,
2021-10-14 08:55:00,54,0.00000428,0.00000428,0.000014400000000000001,
2021-10-14 08:50:00,54,0.00000423,0.00000423,0.000023040000000000003,
2021-10-14 08:45:00,54,0.00000415,0.00000415,0.000014400000000000001,
2021-10-14 08:40:00,54,0.00000410,0.00000410,0.000020160000000000003,
2021-10-14 08:35:00,54,0.00000403,0.00000403,0.000023040000000000003,
2021-10-14 08:30:00,54,0.00000395,0.00000395,0.000023040000000000003,
2021-10-14 08:25:00,54,0.00000387,0.00000387,0.000014400000000000001,
2021-10-14 08:20:00,54,0.00000382,0.00000382,0.000028800000000000002,
2021-10-14 08:15:00,54,0.00000372,0.00000372,0.000008640000000000002,
2021-10-14 08:10:00,54,0.00000369,0.00000369,0.000025920000000000003,
2021-10-14 08:05:00,54,0.00000360,0.00000360,0.000017279999999999997,
2021-10-14 08:00:00,54,0.00000354,0.00000354,0.000011520000000000002,
2021-10-14 07:55:00,54,0.00000350,0.00000350,0.000017280000000000004,
2021-10-14 07:50:00,54,0.00000344,0.00000344,0.000014400000000000001,
2021-10-14 07:45:00,54,0.00000339,0.00000339,0.000017280000000000004,
2021-10-14 07:40:00,54,0.00000333,0.00000333,0.000025920000000000003,
2021-10-14 07:35:00,54,0.00000324,0.00000324,0.000014400000000000001,
2021-10-14 07:30:00,54,0.00000319,0.00000319,0.000020160000000000003,
2021-10-14 07:25:00,54,0.00000312,0.00000312,0.000020160000000000003,
2021-10-14 07:20:00,54,0.00000305,0.00000305,0.000017280000000000004,
2021-10-14 07:15:00,54,0.00000299,0.00000299,0.00002592,
2021-10-14 07:10:00,54,0.00000290,0.00000290,0.000014400000000000001,
2021-10-14 07:05:00,54,0.00000285,0.00000285,0.000017280000000000004,
2021-10-14 07:00:00,54,0.00000279,0.00000279,0.000023040000000000003,
2021-10-14 06:55:00,54,0.00000271,0.00000271,0.000020160000000000003,
2021-10-14 06:50:00,54,0.00000264,0.00000264,0.000011520000000000002,
2021-10-14 06:45:00,54,0.00000260,0.00000260,0.000011520000000000002,
2021-10-14 06:40:00,54,0.00000256,0.00000256,0.000017280000000000004,
2021-10-14 06:35:00,54,0.00000250,0.00000250,0.00002592,
2021-10-14 06:30:00,54,0.00000241,0.00000241,0.000014400000000000001,
2021-10-14 06:25:00,54,0.00000236,0.00000236,0.000008640000000000002,
2021-10-14 06:20:00,54,0.00000233,0.00000233,0.000020160000000000003,
2021-10-14 06:15:00,54,0.00000226,0.00000226,0.000023040000000000003,
2021-10-14 06:10:00,54,0.00000218,0.00000218,0.000011520000000000002,
2021-10-14 06:05:00,54,0.00000214,0.00000214,0.000014400000000000001,
2021-10-14 06:00:00,54,0.00000209,0.00000209,0.000017280000000000004,
2021-10-14 05:55:00,54,0.00000203,0.00000203,0.000014400000000000001,
2021-10-14 05:50:00,54,0.00000198,0.00000198,0.000020160000000000003,
2021-10-14 05:45:00,54,0.00000191,0.00000191,0.000017280000000000004,
2021-10-14 05:40:00,54,0.00000185,0.00000185,0.000017280000000000004,
2021-10-14 05:35:00,54,0.00000179,0.00000179,0.000020159999999999997,
2021-10-14 05:30:00,54,0.00000172,0.00000172,0.00002592,
2021-10-14 05:25:00,54,0.00000163,0.00000163,0.000014400000000000001,
2021-10-14 05:20:00,54,0.00000158,0.00000158,0.000017279999999999997,
2021-10-14 05:15:00,54,0.00000152,0.00000152,0.000014400000000000001,
2021-10-14 05:10:00,54,0.00000147,0.00000147,0.000014400000000000001,
2021-10-14 05:05:00,54,0.00000142,0.00000142,0.000017279999999999997,
2021-10-14 05:00:00,54,0.00000136,0.00000136,0.000014400000000000001,
2021-10-14 04:55:00,54,0.00000131,0.00000131,0.000008640000000000002,
2021-10-14 04:50:00,54,0.00000128,0.00000128,0.000020159999999999997,
2021-10-14 04:45:00,54,0.00000121,0.00000121,0.000020159999999999997,
2021-10-14 04:40:00,54,0.00000114,0.00000114,0.000008640000000000002,
2021-10-14 04:35:00,54,0.00000111,0.00000111,0,
2021-10-13 17:35:00,54,0.00000103,0.00000103,0.000011520000000000002,
2021-10-13 17:30:00,54,0.00000099,0.00000099,0.000017279999999999997,
2021-10-13 17:25:00,54,0.00000093,0.00000093,0.000011520000000000002,
2021-10-13 17:20:00,54,0.00000089,0.00000089,0.000011520000000000002,
2021-10-13 17:15:00,54,0.00000085,0.00000085,0.000014400000000000001,
2021-10-13 17:10:00,54,0.00000080,0.00000080,0.000008640000000000002,
2021-10-13 17:05:00,54,0.00000077,0.00000077,0.000014400000000000001,
2021-10-13 17:00:00,54,0.00000072,0.00000072,0.000020160000000000003,
2021-10-13 16:55:00,54,0.00000065,0.00000065,0.000020160000000000003,
2021-10-13 16:50:00,54,0.00000058,0.00000058,0.000008640000000000002,
2021-10-13 16:45:00,54,0.00000055,0.00000055,0.000017280000000000004,
2021-10-13 16:40:00,54,0.00000049,0.00000049,0.000014400000000000001,
2021-10-13 16:35:00,54,0.00000044,0.00000044,0.000023040000000000003,
2021-10-13 16:30:00,54,0.00000036,0.00000036,0.000011520000000000002,
2021-10-13 16:25:00,54,0.00000032,0.00000032,0.000017280000000000004,
2021-10-13 16:20:00,54,0.00000026,0.00000026,0.000020160000000000003,
2021-10-13 16:15:00,54,0.00000019,0.00000019,0.000023040000000000003,
2021-10-13 16:10:00,54,0.00000011,0.00000011,0.000017279999999999997,
2021-10-13 16:05:00,54,0.00000005,0.00000005,0.000011520000000000002,
2021-10-13 16:00:00,54,0.00000001,0.00000001,0.000020160000000000003,
2021-10-13 16:00:00,52,0.00000001,0.00000000,0.000020160000000000003,
2021-10-13 15:59:59,54,0.00001219,0.00001194,0.000020160000000000003,
2021-10-13 15:59:59,52,0.00001219,0.00000025,0.000020160000000000003,
2021-10-13 15:55:00,54,0.00001213,0.00001188,0.000008640000000000002,
2021-10-13 15:55:00,52,0.00001213,0.00000025,0.000008640000000000002,
2021-10-13 15:50:00,54,0.00001210,0.00001185,0.000014400000000000001,
2021-10-13 15:50:00,52,0.00001210,0.00000025,0.000014400000000000001,
2021-10-13 15:45:00,54,0.00001205,0.00001180,0.000023040000000000003,
2021-10-13 15:45:00,52,0.00001205,0.00000025,0.000023040000000000003,
2021-10-13 15:40:00,54,0.00001197,0.00001172,0.000014400000000000001,
2021-10-13 15:40:00,52,0.00001197,0.00000025,0.000014400000000000001,
2021-10-13 15:35:00,54,0.00001192,0.00001167,0.000008640000000000002,
2021-10-13 15:35:00,52,0.00001192,0.00000025,0.000008640000000000002,
2021-10-13 15:30:00,54,0.00001189,0.00001164,0.000020160000000000003,
2021-10-13 15:30:00,52,0.00001189,0.00000025,0.000020160000000000003,
2021-10-13 15:25:00,54,0.00001182,0.00001157,0.000011520000000000002,
2021-10-13 15:25:00,52,0.00001182,0.00000025,0.000011520000000000002,
2021-10-13 15:20:00,54,0.00001178,0.00001153,0.000014400000000000001,
2021-10-13 15:20:00,52,0.00001178,0.00000025,0.000014400000000000001,
2021-10-13 15:15:00,54,0.00001173,0.00001148,0.000020160000000000003,
2021-10-13 15:15:00,52,0.00001173,0.00000025,0.000020160000000000003,
2021-10-13 15:10:00,54,0.00001166,0.00001141,0.000020160000000000003,
2021-10-13 15:10:00,52,0.00001166,0.00000025,0.000020160000000000003,
2021-10-13 15:05:00,54,0.00001159,0.00001134,0.000023040000000000003,
2021-10-13 15:05:00,52,0.00001159,0.00000025,0.000023040000000000003,
2021-10-13 15:00:00,54,0.00001151,0.00001126,0.000014400000000000001,
2021-10-13 15:00:00,52,0.00001151,0.00000025,0.000014400000000000001,
2021-10-13 14:55:00,54,0.00001146,0.00001121,0.000011520000000000002,
2021-10-13 14:55:00,52,0.00001146,0.00000025,0.000011520000000000002,
2021-10-13 14:50:00,52,0.00001142,0.00000025,0.000020159999999999997,
2021-10-13 14:50:00,54,0.00001142,0.00001117,0.000020159999999999997,
2021-10-13 14:45:00,54,0.00001135,0.00001110,0.000020160000000000003,
2021-10-13 14:45:00,52,0.00001135,0.00000025,0.000020160000000000003,
2021-10-13 14:40:00,54,0.00001128,0.00001103,0.000011520000000000002,
2021-10-13 14:40:00,52,0.00001128,0.00000025,0.000011520000000000002,
2021-10-13 14:35:00,54,0.00001124,0.00001099,0.000017280000000000004,
2021-10-13 14:35:00,52,0.00001124,0.00000025,0.000017280000000000004,
2021-10-13 14:30:00,54,0.00001118,0.00001093,0.000017280000000000004,
2021-10-13 14:30:00,52,0.00001118,0.00000025,0.000017280000000000004,
2021-10-13 14:25:00,54,0.00001112,0.00001087,0.000008640000000000002,
2021-10-13 14:25:00,52,0.00001112,0.00000025,0.000008640000000000002,
2021-10-13 14:20:00,52,0.00001109,0.00000025,0.000020160000000000003,
2021-10-13 14:20:00,54,0.00001109,0.00001084,0.000020160000000000003,
2021-10-13 14:15:00,52,0.00001102,0.00000025,0.000020159999999999997,
2021-10-13 14:15:00,54,0.00001102,0.00001077,0.000020159999999999997,
2021-10-13 14:10:00,52,0.00001095,0.00000025,0.000020160000000000003,
2021-10-13 14:10:00,54,0.00001095,0.00001070,0.000020160000000000003,
2021-10-13 14:05:00,52,0.00001088,0.00000025,0.000014400000000000001,
2021-10-13 14:05:00,54,0.00001088,0.00001063,0.000014400000000000001,
2021-10-13 14:00:00,52,0.00001083,0.00000025,0.000011520000000000002,
2021-10-13 14:00:00,54,0.00001083,0.00001058,0.000011520000000000002,
2021-10-13 13:55:00,52,0.00001079,0.00000025,0.000023040000000000003,
2021-10-13 13:55:00,54,0.00001079,0.00001054,0.000023040000000000003,
2021-10-13 13:50:00,52,0.00001071,0.00000025,0.000023040000000000003,
2021-10-13 13:50:00,54,0.00001071,0.00001046,0.000023040000000000003,
2021-10-13 13:45:00,52,0.00001063,0.00000025,0.000023039999999999996,
2021-10-13 13:45:00,54,0.00001063,0.00001038,0.000023039999999999996,
2021-10-13 13:40:00,52,0.00001055,0.00000025,0.000020160000000000003,
2021-10-13 13:40:00,54,0.00001055,0.00001030,0.000020160000000000003,
2021-10-13 13:35:00,52,0.00001048,0.00000025,0.000014400000000000001,
2021-10-13 13:35:00,54,0.00001048,0.00001023,0.000014400000000000001,
2021-10-13 13:30:00,52,0.00001043,0.00000025,0.000020160000000000003,
2021-10-13 13:30:00,54,0.00001043,0.00001018,0.000020160000000000003,
2021-10-13 13:25:00,52,0.00001036,0.00000025,0.000023040000000000003,
2021-10-13 13:25:00,54,0.00001036,0.00001011,0.000023040000000000003,
2021-10-13 13:20:00,52,0.00001028,0.00000025,0.000014400000000000001,
2021-10-13 13:20:00,54,0.00001028,0.00001003,0.000014400000000000001,
2021-10-13 13:15:00,52,0.00001023,0.00000025,0.000017280000000000004,
2021-10-13 13:15:00,54,0.00001023,0.00000998,0.000017280000000000004,
2021-10-13 13:10:00,52,0.00001017,0.00000025,0.000020160000000000003,
2021-10-13 13:10:00,54,0.00001017,0.00000992,0.000020160000000000003,
2021-10-13 13:05:00,52,0.00001010,0.00000025,0.000020160000000000003,
2021-10-13 13:05:00,54,0.00001010,0.00000985,0.000020160000000000003,
2021-10-13 13:00:00,52,0.00001003,0.00000025,0.000017279999999999997,
2021-10-13 13:00:00,54,0.00001003,0.00000978,0.000017279999999999997,
2021-10-13 12:55:00,52,0.00000997,0.00000025,0.000028800000000000002,
2021-10-13 12:55:00,54,0.00000997,0.00000972,0.000028800000000000002,
2021-10-13 12:50:00,52,0.00000987,0.00000025,0.000011520000000000002,
2021-10-13 12:50:00,54,0.00000987,0.00000962,0.000011520000000000002,
2021-10-13 12:45:00,52,0.00000983,0.00000025,0.000020160000000000003,
2021-10-13 12:45:00,54,0.00000983,0.00000958,0.000020160000000000003,
2021-10-13 12:40:00,52,0.00000976,0.00000025,0.000023040000000000003,
2021-10-13 12:40:00,54,0.00000976,0.00000951,0.000023040000000000003,
2021-10-13 12:35:00,52,0.00000968,0.00000025,0.000020160000000000003,
2021-10-13 12:35:00,54,0.00000968,0.00000943,0.000020160000000000003,
2021-10-13 12:30:00,52,0.00000961,0.00000025,0.000017280000000000004,
2021-10-13 12:30:00,54,0.00000961,0.00000936,0.000017280000000000004,
2021-10-13 12:25:00,52,0.00000955,0.00000025,0.000023040000000000003,
2021-10-13 12:25:00,54,0.00000955,0.00000930,0.000023040000000000003,
2021-10-13 12:20:00,52,0.00000947,0.00000025,0.000020159999999999997,
2021-10-13 12:20:00,54,0.00000947,0.00000922,0.000020159999999999997,
2021-10-13 12:15:00,52,0.00000940,0.00000025,0.000020160000000000003,
2021-10-13 12:15:00,54,0.00000940,0.00000915,0.000020160000000000003,
2021-10-13 12:10:00,52,0.00000933,0.00000025,0.00003168,
2021-10-13 12:10:00,54,0.00000933,0.00000908,0.00003168,
2021-10-13 12:05:00,52,0.00000922,0.00000025,0.000014400000000000001,
2021-10-13 12:05:00,54,0.00000922,0.00000897,0.000014400000000000001,
2021-10-13 12:00:00,52,0.00000917,0.00000025,0.000020160000000000003,
2021-10-13 12:00:00,54,0.00000917,0.00000892,0.000020160000000000003,
2021-10-13 11:55:00,52,0.00000910,0.00000025,0.000017280000000000004,
2021-10-13 11:55:00,54,0.00000910,0.00000885,0.000017280000000000004,
2021-10-13 11:50:00,52,0.00000904,0.00000025,0.000014400000000000001,
2021-10-13 11:50:00,54,0.00000904,0.00000879,0.000014400000000000001,
2021-10-13 11:45:00,52,0.00000899,0.00000025,0,
2021-10-13 11:45:00,54,0.00000899,0.00000874,0,
2021-10-13 11:25:00,52,0.00000899,0.00000025,0.000023040000000000003,
2021-10-13 11:25:00,54,0.00000899,0.00000874,0.000023040000000000003,
2021-10-13 11:20:00,52,0.00000891,0.00000025,0.000011520000000000002,
2021-10-13 11:20:00,54,0.00000891,0.00000866,0.000011520000000000002,
2021-10-13 11:15:00,52,0.00000887,0.00000025,0.000011520000000000002,
2021-10-13 11:15:00,54,0.00000887,0.00000862,0.000011520000000000002,
2021-10-13 11:10:00,52,0.00000883,0.00000025,0.000014400000000000001,
2021-10-13 11:10:00,54,0.00000883,0.00000858,0.000014400000000000001,
2021-10-13 11:05:00,52,0.00000878,0.00000025,0.000014400000000000001,
2021-10-13 11:05:00,54,0.00000878,0.00000853,0.000014400000000000001,
2021-10-13 11:00:00,52,0.00000873,0.00000025,0.000008640000000000002,
2021-10-13 11:00:00,54,0.00000873,0.00000848,0.000008640000000000002,
2021-10-13 10:55:00,52,0.00000870,0.00000025,0.000023040000000000003,
2021-10-13 10:55:00,54,0.00000870,0.00000845,0.000023040000000000003,
2021-10-13 10:50:00,52,0.00000862,0.00000025,0.000011520000000000002,
2021-10-13 10:50:00,54,0.00000862,0.00000837,0.000011520000000000002,
2021-10-13 10:45:00,52,0.00000858,0.00000025,0.000011520000000000002,
2021-10-13 10:45:00,54,0.00000858,0.00000833,0.000011520000000000002,
2021-10-13 10:40:00,52,0.00000854,0.00000025,0.000028800000000000002,
2021-10-13 10:40:00,54,0.00000854,0.00000829,0.000028800000000000002,
2021-10-13 10:35:00,52,0.00000844,0.00000025,0.000017280000000000004,
2021-10-13 10:35:00,54,0.00000844,0.00000819,0.000017280000000000004,
2021-10-13 10:30:00,52,0.00000838,0.00000025,0.000023040000000000003,
2021-10-13 10:30:00,54,0.00000838,0.00000813,0.000023040000000000003,
2021-10-13 10:25:00,52,0.00000830,0.00000025,0.000014400000000000001,
2021-10-13 10:25:00,54,0.00000830,0.00000805,0.000014400000000000001,
2021-10-13 10:20:00,52,0.00000825,0.00000025,0.000011520000000000002,
2021-10-13 10:20:00,54,0.00000825,0.00000800,0.000011520000000000002,
2021-10-13 10:15:00,52,0.00000821,0.00000025,0.000020159999999999997,
2021-10-13 10:15:00,54,0.00000821,0.00000796,0.000020159999999999997,
2021-10-13 10:10:00,52,0.00000814,0.00000025,0.000017279999999999997,
2021-10-13 10:10:00,54,0.00000814,0.00000789,0.000017279999999999997,
2021-10-13 10:05:00,52,0.00000808,0.00000025,0.000008640000000000002,
2021-10-13 10:05:00,54,0.00000808,0.00000783,0.000008640000000000002,
2021-10-13 10:00:00,52,0.00000805,0.00000025,0.00003168,
2021-10-13 10:00:00,54,0.00000805,0.00000780,0.00003168,
2021-10-13 09:55:00,52,0.00000796,0.00000025,0,
2021-10-13 09:55:00,54,0.00000796,0.00000771,0,
2021-10-13 09:50:00,52,0.00000790,0.00000025,0.000025920000000000003,
2021-10-13 09:50:00,54,0.00000790,0.00000765,0.000025920000000000003,
2021-10-13 09:45:00,52,0.00000781,0.00000025,0.000017280000000000004,
2021-10-13 09:45:00,54,0.00000781,0.00000756,0.000017280000000000004,
2021-10-13 09:40:00,52,0.00000775,0.00000025,0.000017279999999999997,
2021-10-13 09:40:00,54,0.00000775,0.00000750,0.000017279999999999997,
2021-10-13 09:35:00,52,0.00000769,0.00000025,0.000020160000000000003,
2021-10-13 09:35:00,54,0.00000769,0.00000744,0.000020160000000000003,
2021-10-13 09:30:00,52,0.00000762,0.00000025,0.000017279999999999997,
2021-10-13 09:30:00,54,0.00000762,0.00000737,0.000017279999999999997,
2021-10-13 09:25:00,52,0.00000756,0.00000025,0.000011520000000000002,
2021-10-13 09:25:00,54,0.00000756,0.00000731,0.000011520000000000002,
2021-10-13 09:20:00,52,0.00000752,0.00000025,0.000020160000000000003,
2021-10-13 09:20:00,54,0.00000752,0.00000727,0.000020160000000000003,
2021-10-13 09:15:00,52,0.00000745,0.00000025,0.000020160000000000003,
2021-10-13 09:15:00,54,0.00000745,0.00000720,0.000020160000000000003,
2021-10-13 09:10:00,52,0.00000738,0.00000025,0.000020160000000000003,
2021-10-13 09:10:00,54,0.00000738,0.00000713,0.000020160000000000003,
2021-10-13 09:05:00,52,0.00000731,0.00000025,0.000014400000000000001,
2021-10-13 09:05:00,54,0.00000731,0.00000706,0.000014400000000000001,
2021-10-13 09:00:00,52,0.00000726,0.00000025,0.000020160000000000003,
2021-10-13 09:00:00,54,0.00000726,0.00000701,0.000020160000000000003,
2021-10-13 08:55:00,52,0.00000719,0.00000025,0.000023040000000000003,
2021-10-13 08:55:00,54,0.00000719,0.00000694,0.000023040000000000003,
2021-10-13 08:50:00,52,0.00000711,0.00000025,0.000020159999999999997,
2021-10-13 08:50:00,54,0.00000711,0.00000686,0.000020159999999999997,
2021-10-13 08:45:00,52,0.00000704,0.00000025,0.000028800000000000002,
2021-10-13 08:45:00,54,0.00000704,0.00000679,0.000028800000000000002,
2021-10-13 08:40:00,52,0.00000694,0.00000025,0.000020160000000000003,
2021-10-13 08:40:00,54,0.00000694,0.00000669,0.000020160000000000003,
2021-10-13 08:35:00,52,0.00000687,0.00000025,0.000017279999999999997,
2021-10-13 08:35:00,54,0.00000687,0.00000662,0.000017279999999999997,
2021-10-13 08:30:00,52,0.00000681,0.00000025,0.000008640000000000002,
2021-10-13 08:30:00,54,0.00000681,0.00000656,0.000008640000000000002,
2021-10-13 08:25:00,52,0.00000678,0.00000025,0.000017280000000000004,
2021-10-13 08:25:00,54,0.00000678,0.00000653,0.000017280000000000004,
2021-10-13 08:20:00,52,0.00000672,0.00000025,0.000017280000000000004,
2021-10-13 08:20:00,54,0.00000672,0.00000647,0.000017280000000000004,
2021-10-13 08:15:00,52,0.00000666,0.00000025,0.0000028800000000000004,
2021-10-13 08:15:00,54,0.00000666,0.00000641,0.0000028800000000000004,
2021-10-13 08:10:00,52,0.00000665,0.00000025,0.000014400000000000001,
2021-10-13 08:10:00,54,0.00000665,0.00000640,0.000014400000000000001,
2021-10-13 08:05:00,52,0.00000660,0.00000025,0.000020160000000000003,
2021-10-13 08:05:00,54,0.00000660,0.00000635,0.000020160000000000003,
2021-10-13 08:00:00,52,0.00000653,0.00000025,0.000020160000000000003,
2021-10-13 08:00:00,54,0.00000653,0.00000628,0.000020160000000000003,
2021-10-13 07:55:00,52,0.00000646,0.00000025,0.000014400000000000001,
2021-10-13 07:55:00,54,0.00000646,0.00000621,0.000014400000000000001,
2021-10-13 07:50:00,52,0.00000641,0.00000025,0.000011520000000000002,
2021-10-13 07:50:00,54,0.00000641,0.00000616,0.000011520000000000002,
2021-10-13 07:45:00,52,0.00000637,0.00000025,0.000017279999999999997,
2021-10-13 07:45:00,54,0.00000637,0.00000612,0.000017279999999999997,
2021-10-13 07:40:00,52,0.00000631,0.00000025,0.000011520000000000002,
2021-10-13 07:40:00,54,0.00000631,0.00000606,0.000011520000000000002,
2021-10-13 07:35:00,52,0.00000627,0.00000025,0.000020159999999999997,
2021-10-13 07:35:00,54,0.00000627,0.00000602,0.000020159999999999997,
2021-10-13 07:30:00,52,0.00000620,0.00000025,0.000017279999999999997,
2021-10-13 07:30:00,54,0.00000620,0.00000595,0.000017279999999999997,
2021-10-13 07:25:00,52,0.00000614,0.00000025,0.000017280000000000004,
2021-10-13 07:25:00,54,0.00000614,0.00000589,0.000017280000000000004,
2021-10-13 07:20:00,52,0.00000608,0.00000025,0.000023040000000000003,
2021-10-13 07:20:00,54,0.00000608,0.00000583,0.000023040000000000003,
2021-10-13 07:15:00,52,0.00000600,0.00000025,0.000017280000000000004,
2021-10-13 07:15:00,54,0.00000600,0.00000575,0.000017280000000000004,
2021-10-13 07:10:00,52,0.00000594,0.00000025,0.000017279999999999997,
2021-10-13 07:10:00,54,0.00000594,0.00000569,0.000017279999999999997,
2021-10-13 07:05:00,52,0.00000588,0.00000025,0.000017279999999999997,
2021-10-13 07:05:00,54,0.00000588,0.00000563,0.000017279999999999997,
2021-10-13 07:00:00,52,0.00000582,0.00000025,0.000017279999999999997,
2021-10-13 07:00:00,54,0.00000582,0.00000557,0.000017279999999999997,
2021-10-13 06:55:00,52,0.00000576,0.00000025,0.000023040000000000003,
2021-10-13 06:55:00,54,0.00000576,0.00000551,0.000023040000000000003,
2021-10-13 06:50:00,52,0.00000568,0.00000025,0.000020159999999999997,
2021-10-13 06:50:00,54,0.00000568,0.00000543,0.000020159999999999997,
2021-10-13 06:45:00,52,0.00000561,0.00000025,0.000023040000000000003,
2021-10-13 06:45:00,54,0.00000561,0.00000536,0.000023040000000000003,
2021-10-13 06:40:00,52,0.00000553,0.00000025,0.000023040000000000003,
2021-10-13 06:40:00,54,0.00000553,0.00000528,0.000023040000000000003,
2021-10-13 06:35:00,52,0.00000545,0.00000025,0.000011520000000000002,
2021-10-13 06:35:00,54,0.00000545,0.00000520,0.000011520000000000002,
2021-10-13 06:30:00,52,0.00000541,0.00000025,0.000014400000000000001,
2021-10-13 06:30:00,54,0.00000541,0.00000516,0.000014400000000000001,
2021-10-13 06:25:00,52,0.00000536,0.00000025,0.000020160000000000003,
2021-10-13 06:25:00,54,0.00000536,0.00000511,0.000020160000000000003,
2021-10-13 06:20:00,52,0.00000529,0.00000025,0.000023040000000000003,
2021-10-13 06:20:00,54,0.00000529,0.00000504,0.000023040000000000003,
2021-10-13 06:15:00,52,0.00000521,0.00000025,0.000031679999999999995,
2021-10-13 06:15:00,54,0.00000521,0.00000496,0.000031679999999999995,
2021-10-13 06:10:00,52,0.00000510,0.00000025,0.000014400000000000001,
2021-10-13 06:10:00,54,0.00000510,0.00000485,0.000014400000000000001,
2021-10-13 06:05:00,52,0.00000505,0.00000025,0.000008640000000000002,
2021-10-13 06:05:00,54,0.00000505,0.00000480,0.000008640000000000002,
2021-10-13 06:00:00,52,0.00000502,0.00000025,0.000014400000000000001,
2021-10-13 06:00:00,54,0.00000502,0.00000477,0.000014400000000000001,
2021-10-13 05:55:00,52,0.00000497,0.00000025,0.00002592,
2021-10-13 05:55:00,54,0.00000497,0.00000472,0.00002592,
2021-10-13 05:50:00,52,0.00000488,0.00000025,0.000020160000000000003,
2021-10-13 05:50:00,54,0.00000488,0.00000463,0.000020160000000000003,
2021-10-13 05:45:00,52,0.00000481,0.00000025,0.000014400000000000001,
2021-10-13 05:45:00,54,0.00000481,0.00000456,0.000014400000000000001,
2021-10-13 05:40:00,52,0.00000476,0.00000025,0.000023040000000000003,
2021-10-13 05:40:00,54,0.00000476,0.00000451,0.000023040000000000003,
2021-10-13 05:35:00,52,0.00000468,0.00000025,0.000020160000000000003,
2021-10-13 05:35:00,54,0.00000468,0.00000443,0.000020160000000000003,
2021-10-13 05:30:00,52,0.00000461,0.00000025,0.000017280000000000004,
2021-10-13 05:30:00,54,0.00000461,0.00000436,0.000017280000000000004,
2021-10-13 05:25:00,52,0.00000455,0.00000025,0.000017279999999999997,
2021-10-13 05:25:00,54,0.00000455,0.00000430,0.000017279999999999997,
2021-10-13 05:20:00,52,0.00000449,0.00000025,0.000017280000000000004,
2021-10-13 05:20:00,54,0.00000449,0.00000424,0.000017280000000000004,
2021-10-13 05:15:00,52,0.00000443,0.00000025,0.000028800000000000002,
2021-10-13 05:15:00,54,0.00000443,0.00000418,0.000028800000000000002,
2021-10-13 05:10:00,52,0.00000433,0.00000025,0.000008640000000000002,
2021-10-13 05:10:00,54,0.00000433,0.00000408,0.000008640000000000002,
2021-10-13 05:05:00,52,0.00000430,0.00000025,0.00002592,
2021-10-13 05:05:00,54,0.00000430,0.00000405,0.00002592,
2021-10-13 05:00:00,52,0.00000421,0.00000025,0.000011520000000000002,
2021-10-13 05:00:00,54,0.00000421,0.00000396,0.000011520000000000002,
2021-10-13 04:55:00,52,0.00000417,0.00000025,0.000025920000000000003,
2021-10-13 04:55:00,54,0.00000417,0.00000392,0.000025920000000000003,
2021-10-13 04:50:00,52,0.00000408,0.00000025,0.000020160000000000003,
2021-10-13 04:50:00,54,0.00000408,0.00000383,0.000020160000000000003,
2021-10-13 04:45:00,52,0.00000401,0.00000025,0.000017280000000000004,
2021-10-13 04:45:00,54,0.00000401,0.00000376,0.000017280000000000004,
2021-10-13 04:40:00,52,0.00000395,0.00000025,0.000025919999999999992,
2021-10-13 04:40:00,54,0.00000395,0.00000370,0.000025919999999999992,
2021-10-13 04:35:00,52,0.00000386,0.00000025,0.000014400000000000001,
2021-10-13 04:35:00,54,0.00000386,0.00000361,0.000014400000000000001,
2021-10-13 04:30:00,52,0.00000381,0.00000025,0.000017280000000000004,
2021-10-13 04:30:00,54,0.00000381,0.00000356,0.000017280000000000004,
2021-10-13 04:25:00,52,0.00000375,0.00000025,0.000023040000000000003,
2021-10-13 04:25:00,54,0.00000375,0.00000350,0.000023040000000000003,
2021-10-13 04:20:00,52,0.00000367,0.00000025,0.000020160000000000003,
2021-10-13 04:20:00,54,0.00000367,0.00000342,0.000020160000000000003,
2021-10-13 04:15:00,52,0.00000360,0.00000025,0.000017279999999999997,
2021-10-13 04:15:00,54,0.00000360,0.00000335,0.000017279999999999997,
2021-10-13 04:10:00,52,0.00000354,0.00000025,0.000008640000000000002,
2021-10-13 04:10:00,54,0.00000354,0.00000329,0.000008640000000000002,
2021-10-13 04:05:00,52,0.00000352,0.00000025,0.0000028800000000000004,
2021-10-13 04:05:00,54,0.00000352,0.00000327,0.0000028800000000000004,
2021-10-12 17:55:00,54,0.00000350,0.00000325,0.000017280000000000004,
2021-10-12 17:55:00,52,0.00000350,0.00000025,0.000017280000000000004,
2021-10-12 17:50:00,54,0.00000344,0.00000319,0.000011520000000000002,
2021-10-12 17:50:00,52,0.00000344,0.00000025,0.000011520000000000002,
2021-10-12 17:45:00,54,0.00000340,0.00000315,0.000017280000000000004,
2021-10-12 17:45:00,52,0.00000340,0.00000025,0.000017280000000000004,
2021-10-12 17:40:00,54,0.00000334,0.00000309,0.000020160000000000003,
2021-10-12 17:40:00,52,0.00000334,0.00000025,0.000020160000000000003,
2021-10-12 17:35:00,54,0.00000327,0.00000302,0.000017280000000000004,
2021-10-12 17:35:00,52,0.00000327,0.00000025,0.000017280000000000004,
2021-10-12 17:30:00,54,0.00000321,0.00000296,0.000020160000000000003,
2021-10-12 17:30:00,52,0.00000321,0.00000025,0.000020160000000000003,
2021-10-12 17:25:00,54,0.00000314,0.00000289,0.000014400000000000001,
2021-10-12 17:25:00,52,0.00000314,0.00000025,0.000014400000000000001,
2021-10-12 17:20:00,54,0.00000309,0.00000284,0.000014400000000000001,
2021-10-12 17:20:00,52,0.00000309,0.00000025,0.000014400000000000001,
2021-10-12 17:15:00,54,0.00000304,0.00000279,0.000017280000000000004,
2021-10-12 17:15:00,52,0.00000304,0.00000025,0.000017280000000000004,
2021-10-12 17:10:00,54,0.00000298,0.00000273,0.000014400000000000001,
2021-10-12 17:10:00,52,0.00000298,0.00000025,0.000014400000000000001,
2021-10-12 17:05:00,54,0.00000293,0.00000268,0.000014400000000000001,
2021-10-12 17:05:00,52,0.00000293,0.00000025,0.000014400000000000001,
2021-10-12 17:00:00,54,0.00000288,0.00000263,0.000014400000000000001,
2021-10-12 17:00:00,52,0.00000288,0.00000025,0.000014400000000000001,
2021-10-12 16:55:00,54,0.00000283,0.00000258,0.000017280000000000004,
2021-10-12 16:55:00,52,0.00000283,0.00000025,0.000017280000000000004,
2021-10-12 16:50:00,54,0.00000277,0.00000252,0.000005760000000000001,
2021-10-12 16:50:00,52,0.00000277,0.00000025,0.000005760000000000001,
2021-10-12 16:45:00,52,0.00000272,0.00000022,0.000008640000000000002,
2021-10-12 16:45:00,54,0.00000272,0.00000250,0.000008640000000000002,
2021-10-12 16:40:00,52,0.00000269,0.00000019,0.000011520000000000002,
2021-10-12 16:40:00,54,0.00000269,0.00000250,0.000011520000000000002,
2021-10-12 16:35:00,52,0.00000265,0.00000015,0.000011520000000000002,
2021-10-12 16:35:00,54,0.00000265,0.00000250,0.000011520000000000002,
2021-10-12 16:30:00,52,0.00000261,0.00000011,0.000011520000000000002,
2021-10-12 16:30:00,54,0.00000261,0.00000250,0.000011520000000000002,
2021-10-12 16:25:00,52,0.00000257,0.00000007,0.000008640000000000002,
2021-10-12 16:25:00,54,0.00000257,0.00000250,0.000008640000000000002,
2021-10-12 16:20:00,52,0.00000254,0.00000004,0.000011520000000000002,
2021-10-12 16:20:00,54,0.00000254,0.00000250,0.000011520000000000002,
2021-10-12 16:15:00,52,0.00000250,0.00000000,0.000014400000000000001,
2021-10-12 16:15:00,54,0.00000250,0.00000250,0.000014400000000000001,
2021-10-12 16:10:00,54,0.00000246,0.00000246,0.000014400000000000001,
2021-10-12 16:05:00,54,0.00000241,0.00000241,0.000014400000000000001,
2021-10-12 16:00:00,54,0.00000236,0.00000236,0.000017279999999999997,
2021-10-12 15:55:00,54,0.00000230,0.00000230,0.000020160000000000003,
2021-10-12 15:50:00,54,0.00000223,0.00000223,0.000025920000000000003,
2021-10-12 15:45:00,54,0.00000214,0.00000214,0.000023040000000000003,
2021-10-12 15:40:00,54,0.00000206,0.00000206,0.000014400000000000001,
2021-10-12 15:35:00,54,0.00000201,0.00000201,0.000014400000000000001,
2021-10-12 15:30:00,54,0.00000196,0.00000196,0.000014400000000000001,
2021-10-12 15:25:00,54,0.00000191,0.00000191,0.000014400000000000001,
2021-10-12 15:20:00,54,0.00000186,0.00000186,0.000017279999999999997,
2021-10-12 15:15:00,54,0.00000180,0.00000180,0.000028800000000000002,
2021-10-12 15:10:00,54,0.00000170,0.00000170,0.000020160000000000003,
2021-10-12 15:05:00,54,0.00000163,0.00000163,0.000017280000000000004,
2021-10-12 15:00:00,54,0.00000157,0.00000157,0.000017279999999999997,
2021-10-12 14:55:00,54,0.00000151,0.00000151,0.000014400000000000001,
2021-10-12 14:50:00,54,0.00000146,0.00000146,0.000020159999999999997,
2021-10-12 14:45:00,54,0.00000139,0.00000139,0.000014400000000000001,
2021-10-12 14:40:00,54,0.00000134,0.00000134,0.000017279999999999997,
2021-10-12 14:35:00,54,0.00000128,0.00000128,0.000011520000000000002,
2021-10-12 14:30:00,54,0.00000124,0.00000124,0.000017280000000000004,
2021-10-12 14:25:00,54,0.00000118,0.00000118,0.000011520000000000002,
2021-10-12 14:20:00,54,0.00000114,0.00000114,0.000011520000000000002,
2021-10-12 14:15:00,54,0.00000110,0.00000110,0.000020160000000000003,
2021-10-12 14:10:00,54,0.00000103,0.00000103,0.000011520000000000002,
2021-10-12 14:05:00,54,0.00000099,0.00000099,0.000011520000000000002,
2021-10-12 14:00:00,54,0.00000095,0.00000095,0.000020160000000000003,
2021-10-12 13:55:00,54,0.00000088,0.00000088,0.00002592,
2021-10-12 13:50:00,54,0.00000079,0.00000079,0,
2021-10-12 13:45:00,54,0.00000074,0.00000074,0,
2021-10-12 13:35:00,54,0.00000071,0.00000071,0.000014400000000000001,
2021-10-12 13:30:00,54,0.00000066,0.00000066,0.000014400000000000001,
2021-10-12 13:25:00,54,0.00000061,0.00000061,0.000014400000000000001,
2021-10-12 13:20:00,54,0.00000056,0.00000056,0.000020160000000000003,
2021-10-12 13:15:00,54,0.00000049,0.00000049,0.000011520000000000002,
2021-10-12 13:10:00,54,0.00000045,0.00000045,0.00012384000000000006,
2021-10-12 13:05:00,54,0.00000004,0.00000004,0,
2021-10-12 12:25:00,0,0.00000002,0.00000000,0,
2021-10-12 12:25:00,54,0.00000002,0.00000002,0,
2021-10-12 12:00:00,0,0.00000000,0.00000000,0,
2021-10-12 12:00:00,54,0.00000000,0.00000000,0,
2021-10-12 11:59:59,54,0.00001063,0.00001063,0.000017280000000000004,
2021-10-12 02:05:00,54,0.00001063,0.00001063,0.000017280000000000004,
2021-10-12 02:00:00,54,0.00001057,0.00001057,0.000011520000000000002,
2021-10-12 01:55:00,54,0.00001053,0.00001053,0.000020160000000000003,
2021-10-12 01:50:00,54,0.00001046,0.00001046,0.000025920000000000003,
2021-10-12 01:45:00,54,0.00001037,0.00001037,0.000017279999999999997,
2021-10-12 01:40:00,54,0.00001031,0.00001031,0.000014400000000000001,
2021-10-12 01:35:00,54,0.00001026,0.00001026,0.000025920000000000003,
2021-10-12 01:30:00,54,0.00001017,0.00001017,0.000014400000000000001,
2021-10-12 01:25:00,54,0.00001012,0.00001012,0.000014400000000000001,
2021-10-12 01:20:00,54,0.00001007,0.00001007,0.000011520000000000002,
2021-10-12 01:15:00,54,0.00001003,0.00001003,0.000017279999999999997,
2021-10-12 01:10:00,54,0.00000997,0.00000997,0.000020160000000000003,
2021-10-12 01:05:00,54,0.00000990,0.00000990,0.000014400000000000001,
2021-10-12 01:00:00,54,0.00000985,0.00000985,0.000020159999999999997,
2021-10-12 00:55:00,54,0.00000978,0.00000978,0.000014400000000000001,
2021-10-12 00:50:00,54,0.00000973,0.00000973,0.000023040000000000003,
2021-10-12 00:45:00,54,0.00000965,0.00000965,0.000020160000000000003,
2021-10-12 00:40:00,54,0.00000958,0.00000958,0.000017280000000000004,
2021-10-12 00:35:00,54,0.00000952,0.00000952,0.000014400000000000001,
2021-10-12 00:30:00,54,0.00000947,0.00000947,0.000020159999999999997,
2021-10-12 00:25:00,54,0.00000940,0.00000940,0.000014400000000000001,
2021-10-12 00:20:00,54,0.00000935,0.00000935,0.000020160000000000003,
2021-10-12 00:15:00,54,0.00000928,0.00000928,0.000017280000000000004,
2021-10-12 00:10:00,54,0.00000922,0.00000922,0.000017279999999999997,
2021-10-12 00:05:00,54,0.00000916,0.00000916,0.000023040000000000003,
2021-10-12 00:00:00,54,0.00000908,0.00000908,0.000011520000000000002,
2021-10-11 23:55:00,54,0.00000904,0.00000904,0.000020160000000000003,
2021-10-11 23:50:00,54,0.00000897,0.00000897,0.000011520000000000002,
2021-10-11 23:45:00,54,0.00000893,0.00000893,0.000017280000000000004,
2021-10-11 23:40:00,54,0.00000887,0.00000887,0.000020159999999999997,
2021-10-11 23:35:00,54,0.00000880,0.00000880,0.000020160000000000003,
2021-10-11 23:30:00,54,0.00000873,0.00000873,0.000023040000000000003,
2021-10-11 23:25:00,54,0.00000865,0.00000865,0.000014400000000000001,
2021-10-11 23:20:00,54,0.00000860,0.00000860,0.000020160000000000003,
2021-10-11 23:15:00,54,0.00000853,0.00000853,0.000020160000000000003,
2021-10-11 23:10:00,54,0.00000846,0.00000846,0.00002592,
2021-10-11 23:05:00,54,0.00000837,0.00000837,0.000023040000000000003,
2021-10-11 23:00:00,54,0.00000829,0.00000829,0.000023040000000000003,
2021-10-11 22:55:00,54,0.00000821,0.00000821,0.000014400000000000001,
2021-10-11 22:50:00,54,0.00000816,0.00000816,0.000014400000000000001,
2021-10-11 22:45:00,54,0.00000811,0.00000811,0.000023040000000000003,
2021-10-11 22:40:00,54,0.00000803,0.00000803,0.000023040000000000003,
2021-10-11 22:35:00,54,0.00000795,0.00000795,0.000020159999999999997,
2021-10-11 22:30:00,54,0.00000788,0.00000788,0.000014400000000000001,
2021-10-11 22:25:00,54,0.00000783,0.00000783,0.000023040000000000003,
2021-10-11 22:20:00,54,0.00000775,0.00000775,0.000023040000000000003,
2021-10-11 22:15:00,54,0.00000770,0.00000770,0.000008640000000000002,
2021-10-11 18:05:00,54,0.00000762,0.00000762,0.000014400000000000001,
2021-10-11 18:00:00,54,0.00000757,0.00000757,0.000017280000000000004,
2021-10-11 17:55:00,54,0.00000751,0.00000751,0.000025920000000000003,
2021-10-11 17:50:00,54,0.00000742,0.00000742,0.000017279999999999997,
2021-10-11 17:45:00,54,0.00000736,0.00000736,0.000023040000000000003,
2021-10-11 17:40:00,54,0.00000728,0.00000728,0.000020160000000000003,
2021-10-11 17:35:00,54,0.00000721,0.00000721,0.000023040000000000003,
2021-10-11 17:30:00,54,0.00000713,0.00000713,0.000023040000000000003,
2021-10-11 17:25:00,54,0.00000705,0.00000705,0.000011520000000000002,
2021-10-11 17:20:00,54,0.00000701,0.00000701,0.000028800000000000002,
2021-10-11 17:15:00,54,0.00000691,0.00000691,0.000011520000000000002,
2021-10-11 17:10:00,54,0.00000687,0.00000687,0.000017280000000000004,
2021-10-11 17:05:00,54,0.00000681,0.00000681,0.000011520000000000002,
2021-10-11 17:00:00,54,0.00000677,0.00000677,0.000011520000000000002,
2021-10-11 16:55:00,54,0.00000673,0.00000673,0.000014400000000000001,
2021-10-11 16:50:00,54,0.00000668,0.00000668,0.000017279999999999997,
2021-10-11 16:45:00,54,0.00000662,0.00000662,0.000017280000000000004,
2021-10-11 16:40:00,54,0.00000656,0.00000656,0.000011520000000000002,
2021-10-11 16:35:00,54,0.00000652,0.00000652,0.000011520000000000002,
2021-10-11 16:30:00,54,0.00000648,0.00000648,0.000020160000000000003,
2021-10-11 16:25:00,54,0.00000641,0.00000641,0.000017280000000000004,
2021-10-11 16:20:00,54,0.00000635,0.00000635,0.000014400000000000001,
2021-10-11 16:15:00,54,0.00000630,0.00000630,0.000014400000000000001,
2021-10-11 16:10:00,54,0.00000625,0.00000625,0.000017280000000000004,
2021-10-11 16:05:00,54,0.00000619,0.00000619,0.000023040000000000003,
2021-10-11 16:00:00,54,0.00000611,0.00000611,0.000011520000000000002,
2021-10-11 15:55:00,54,0.00000607,0.00000607,0.000011520000000000002,
2021-10-11 15:50:00,54,0.00000603,0.00000603,0.000020159999999999997,
2021-10-11 15:45:00,54,0.00000596,0.00000596,0.000017280000000000004,
2021-10-11 15:40:00,54,0.00000590,0.00000590,0.000017280000000000004,
2021-10-11 15:35:00,54,0.00000584,0.00000584,0.000008640000000000002,
2021-10-11 15:30:00,54,0.00000581,0.00000581,0.000023040000000000003,
2021-10-11 15:25:00,54,0.00000573,0.00000573,0.000025920000000000003,
2021-10-11 15:20:00,54,0.00000564,0.00000564,0.000011520000000000002,
2021-10-11 15:15:00,54,0.00000560,0.00000560,0.000025920000000000003,
2021-10-11 15:10:00,54,0.00000551,0.00000551,0.000017280000000000004,
2021-10-11 15:05:00,54,0.00000545,0.00000545,0.000020159999999999997,
2021-10-11 15:00:00,54,0.00000538,0.00000538,0.000017280000000000004,
2021-10-11 14:55:00,54,0.00000532,0.00000532,0.000025920000000000003,
2021-10-11 14:50:00,54,0.00000523,0.00000523,0.000017279999999999997,
2021-10-11 14:45:00,54,0.00000517,0.00000517,0.000014400000000000001,
2021-10-11 14:40:00,54,0.00000512,0.00000512,0.000023040000000000003,
2021-10-11 14:35:00,54,0.00000504,0.00000504,0.000014400000000000001,
2021-10-11 14:30:00,54,0.00000499,0.00000499,0.000025920000000000003,
2021-10-11 14:25:00,54,0.00000490,0.00000490,0.000008640000000000002,
2021-10-11 14:20:00,54,0.00000487,0.00000487,0.000020159999999999997,
2021-10-11 14:15:00,54,0.00000480,0.00000480,0.000020160000000000003,
2021-10-11 14:10:00,54,0.00000473,0.00000473,0.000017279999999999997,
2021-10-11 14:05:00,54,0.00000467,0.00000467,0.000017280000000000004,
2021-10-11 14:00:00,54,0.00000461,0.00000461,0.000017279999999999997,
2021-10-11 13:55:00,54,0.00000455,0.00000455,0.000020159999999999997,
2021-10-11 13:50:00,54,0.00000448,0.00000448,0.000014400000000000001,
2021-10-11 13:45:00,54,0.00000443,0.00000443,0.000017280000000000004,
2021-10-11 13:40:00,54,0.00000437,0.00000437,0.000023040000000000003,
2021-10-11 13:35:00,54,0.00000429,0.00000429,0.000014400000000000001,
2021-10-11 13:30:00,54,0.00000424,0.00000424,0.000020160000000000003,
2021-10-11 13:25:00,54,0.00000417,0.00000417,0.000023040000000000003,
2021-10-11 13:20:00,54,0.00000409,0.00000409,0.000011520000000000002,
2021-10-11 13:15:00,54,0.00000405,0.00000405,0.000005760000000000001,
2021-10-11 13:10:00,54,0.00000403,0.00000403,0.000008640000000000002,
2021-10-11 13:05:00,54,0.00000400,0.00000400,0.000020160000000000003,
2021-10-11 13:00:00,54,0.00000393,0.00000393,0.000014400000000000001,
2021-10-11 12:55:00,54,0.00000388,0.00000388,0.000014400000000000001,
2021-10-11 12:50:00,54,0.00000383,0.00000383,0.000017279999999999997,
2021-10-11 12:45:00,54,0.00000377,0.00000377,0.000020159999999999997,
2021-10-11 12:40:00,54,0.00000370,0.00000370,0.000014400000000000001,
2021-10-11 12:35:00,54,0.00000365,0.00000365,0.000011520000000000002,
2021-10-11 12:30:00,54,0.00000361,0.00000361,0.000020159999999999997,
2021-10-11 12:25:00,54,0.00000354,0.00000354,0.000014400000000000001,
2021-10-11 12:20:00,54,0.00000349,0.00000349,0.000017280000000000004,
2021-10-11 12:15:00,54,0.00000343,0.00000343,0.000020160000000000003,
2021-10-11 12:10:00,54,0.00000336,0.00000336,0.000017279999999999997,
2021-10-11 12:05:00,54,0.00000330,0.00000330,0.000014400000000000001,
2021-10-11 12:00:00,54,0.00000325,0.00000325,0.000014400000000000001,
2021-10-11 11:55:00,54,0.00000320,0.00000320,0.000008640000000000002,
2021-10-11 11:50:00,54,0.00000317,0.00000317,0.000023040000000000003,
2021-10-11 11:45:00,54,0.00000309,0.00000309,0.000014400000000000001,
2021-10-11 11:40:00,54,0.00000304,0.00000304,0.000025920000000000003,
2021-10-11 11:35:00,54,0.00000295,0.00000295,0.000017279999999999997,
2021-10-11 11:30:00,54,0.00000289,0.00000289,0.000014400000000000001,
2021-10-11 11:25:00,54,0.00000284,0.00000284,0.000028800000000000002,
2021-10-11 11:20:00,54,0.00000274,0.00000274,0.000020160000000000003,
2021-10-11 11:15:00,54,0.00000267,0.00000267,0.000014400000000000001,
2021-10-11 11:10:00,54,0.00000262,0.00000262,0.000023040000000000003,
2021-10-11 11:05:00,54,0.00000254,0.00000254,0.000017279999999999997,
2021-10-11 11:00:00,54,0.00000248,0.00000248,0.000011520000000000002,
2021-10-11 10:55:00,54,0.00000244,0.00000244,0.000023040000000000003,
2021-10-11 10:50:00,54,0.00000236,0.00000236,0.000028800000000000002,
2021-10-11 10:45:00,54,0.00000226,0.00000226,0.000020159999999999997,
2021-10-11 10:40:00,54,0.00000219,0.00000219,0.000028800000000000002,
2021-10-11 10:35:00,54,0.00000209,0.00000209,0.000017280000000000004,
2021-10-11 10:30:00,54,0.00000203,0.00000203,0.000017279999999999997,
2021-10-11 10:25:00,54,0.00000197,0.00000197,0.000023040000000000003,
2021-10-11 10:20:00,54,0.00000189,0.00000189,0.000017279999999999997,
2021-10-11 10:15:00,54,0.00000183,0.00000183,0.000020160000000000003,
2021-10-11 10:10:00,54,0.00000176,0.00000176,0.000017280000000000004,
2021-10-11 10:05:00,54,0.00000170,0.00000170,0.000014400000000000001,
2021-10-11 10:00:00,54,0.00000165,0.00000165,0.000020160000000000003,
2021-10-11 09:55:00,54,0.00000158,0.00000158,0.000023040000000000003,
2021-10-11 09:50:00,54,0.00000150,0.00000150,0.000028800000000000002,
2021-10-11 09:45:00,54,0.00000140,0.00000140,0.000011520000000000002,
2021-10-11 09:40:00,54,0.00000136,0.00000136,0.000025920000000000003,
2021-10-11 09:35:00,54,0.00000127,0.00000127,0.000014400000000000001,
2021-10-11 09:30:00,54,0.00000122,0.00000122,0.000011520000000000002,
2021-10-11 09:25:00,54,0.00000118,0.00000118,0.000023040000000000003,
2021-10-11 09:20:00,54,0.00000110,0.00000110,0.000014400000000000001,
2021-10-11 09:15:00,54,0.00000105,0.00000105,0.000025920000000000003,
2021-10-11 09:10:00,54,0.00000096,0.00000096,0.000020159999999999997,
2021-10-11 09:05:00,54,0.00000089,0.00000089,0.000020159999999999997,
2021-10-11 09:00:00,54,0.00000082,0.00000082,0.000020160000000000003,
2021-10-11 08:55:00,54,0.00000075,0.00000075,0.000008640000000000002,
2021-10-11 08:50:00,54,0.00000072,0.00000072,0.000020160000000000003,
2021-10-11 08:45:00,54,0.00000065,0.00000065,0.000011520000000000002,
2021-10-11 08:40:00,54,0.00000061,0.00000061,0.000023040000000000003,
2021-10-11 08:35:00,54,0.00000053,0.00000053,0.000023040000000000003,
2021-10-11 08:30:00,54,0.00000045,0.00000045,0.000020160000000000003,
2021-10-11 08:25:00,54,0.00000038,0.00000038,0.00002592,
2021-10-11 08:20:00,54,0.00000029,0.00000029,0.000020160000000000003,
2021-10-11 08:15:00,54,0.00000022,0.00000022,0.000008640000000000002,
2021-10-11 08:10:00,54,0.00000019,0.00000019,0.00003168,
2021-10-11 08:05:00,54,0.00000008,0.00000008,0.000020159999999999997,
2021-10-11 08:00:00,52,0.00000001,0.00000000,0.000011520000000000002,
2021-10-11 08:00:00,54,0.00000001,0.00000001,0.000011520000000000002,
2021-10-11 07:59:59,52,0.00001077,0.00000025,0.000014400000000000001,
2021-10-11 07:59:59,54,0.00001077,0.00001052,0.000014400000000000001,
2021-10-11 07:55:00,52,0.00001074,0.00000025,0.000023040000000000003,
2021-10-11 07:55:00,54,0.00001074,0.00001049,0.000023040000000000003,
2021-10-11 07:50:00,52,0.00001066,0.00000025,0.000011520000000000002,
2021-10-11 07:50:00,54,0.00001066,0.00001041,0.000011520000000000002,
2021-10-11 07:45:00,52,0.00001062,0.00000025,0.000017280000000000004,
2021-10-11 07:45:00,54,0.00001062,0.00001037,0.000017280000000000004,
2021-10-11 07:40:00,52,0.00001056,0.00000025,0.000017280000000000004,
2021-10-11 07:40:00,54,0.00001056,0.00001031,0.000017280000000000004,
2021-10-11 07:35:00,52,0.00001050,0.00000025,0.000014400000000000001,
2021-10-11 07:35:00,54,0.00001050,0.00001025,0.000014400000000000001,
2021-10-11 07:30:00,52,0.00001045,0.00000025,0.000023040000000000003,
2021-10-11 07:30:00,54,0.00001045,0.00001020,0.000023040000000000003,
2021-10-11 07:25:00,52,0.00001037,0.00000025,0.000017280000000000004,
2021-10-11 07:25:00,54,0.00001037,0.00001012,0.000017280000000000004,
2021-10-11 07:20:00,52,0.00001031,0.00000025,0.000017279999999999997,
2021-10-11 07:20:00,54,0.00001031,0.00001006,0.000017279999999999997,
2021-10-11 07:15:00,52,0.00001025,0.00000025,0.000028800000000000002,
2021-10-11 07:15:00,54,0.00001025,0.00001000,0.000028800000000000002,
2021-10-11 07:10:00,52,0.00001015,0.00000025,0.000020160000000000003,
2021-10-11 07:10:00,54,0.00001015,0.00000990,0.000020160000000000003,
2021-10-11 07:05:00,52,0.00001008,0.00000025,0.000020160000000000003,
2021-10-11 07:05:00,54,0.00001008,0.00000983,0.000020160000000000003,
2021-10-11 07:00:00,52,0.00001001,0.00000025,0.000020160000000000003,
2021-10-11 07:00:00,54,0.00001001,0.00000976,0.000020160000000000003,
2021-10-11 06:55:00,52,0.00000994,0.00000025,0.000017280000000000004,
2021-10-11 06:55:00,54,0.00000994,0.00000969,0.000017280000000000004,
2021-10-11 06:50:00,52,0.00000988,0.00000025,0.000014400000000000001,
2021-10-11 06:50:00,54,0.00000988,0.00000963,0.000014400000000000001,
2021-10-11 06:45:00,52,0.00000983,0.00000025,0.000017280000000000004,
2021-10-11 06:45:00,54,0.00000983,0.00000958,0.000017280000000000004,
2021-10-11 06:40:00,52,0.00000977,0.00000025,0.000011520000000000002,
2021-10-11 06:40:00,54,0.00000977,0.00000952,0.000011520000000000002,
2021-10-11 06:35:00,52,0.00000973,0.00000025,0.000008640000000000002,
2021-10-11 06:35:00,54,0.00000973,0.00000948,0.000008640000000000002,
2021-10-11 06:30:00,52,0.00000970,0.00000025,0.000014400000000000001,
2021-10-11 06:30:00,54,0.00000970,0.00000945,0.000014400000000000001,
2021-10-11 06:25:00,52,0.00000965,0.00000025,0.000014400000000000001,
2021-10-11 06:25:00,54,0.00000965,0.00000940,0.000014400000000000001,
2021-10-11 06:20:00,52,0.00000960,0.00000025,0.0000028800000000000004,
2021-10-11 06:20:00,54,0.00000960,0.00000935,0.0000028800000000000004,
2021-10-11 06:15:00,52,0.00000959,0.00000025,0,
2021-10-11 06:15:00,54,0.00000959,0.00000934,0,
2021-10-10 17:40:00,54,0.00000959,0.00000934,0.000017280000000000004,
2021-10-10 17:40:00,52,0.00000959,0.00000025,0.000017280000000000004,
2021-10-10 17:35:00,54,0.00000953,0.00000928,0.000028800000000000002,
2021-10-10 17:35:00,52,0.00000953,0.00000025,0.000028800000000000002,
2021-10-10 17:30:00,54,0.00000943,0.00000918,0.000020160000000000003,
2021-10-10 17:30:00,52,0.00000943,0.00000025,0.000020160000000000003,
2021-10-10 17:25:00,54,0.00000936,0.00000911,0.000017279999999999997,
2021-10-10 17:25:00,52,0.00000936,0.00000025,0.000017279999999999997,
2021-10-10 17:20:00,54,0.00000930,0.00000905,0.000011520000000000002,
2021-10-10 17:20:00,52,0.00000930,0.00000025,0.000011520000000000002,
2021-10-10 17:15:00,54,0.00000926,0.00000901,0.000011520000000000002,
2021-10-10 17:15:00,52,0.00000926,0.00000025,0.000011520000000000002,
2021-10-10 17:10:00,54,0.00000922,0.00000897,0.000014400000000000001,
2021-10-10 17:10:00,52,0.00000922,0.00000025,0.000014400000000000001,
2021-10-10 17:05:00,54,0.00000917,0.00000892,0.000020160000000000003,
2021-10-10 17:05:00,52,0.00000917,0.00000025,0.000020160000000000003,
2021-10-10 17:00:00,54,0.00000910,0.00000885,0.000017280000000000004,
2021-10-10 17:00:00,52,0.00000910,0.00000025,0.000017280000000000004,
2021-10-10 16:55:00,54,0.00000904,0.00000879,0.00002592,
2021-10-10 16:55:00,52,0.00000904,0.00000025,0.00002592,
2021-10-10 16:50:00,54,0.00000895,0.00000870,0.000014400000000000001,
2021-10-10 16:50:00,52,0.00000895,0.00000025,0.000014400000000000001,
2021-10-10 16:45:00,52,0.00000890,0.00000025,0.000023040000000000003,
2021-10-10 16:45:00,54,0.00000890,0.00000865,0.000023040000000000003,
2021-10-10 16:40:00,52,0.00000882,0.00000025,0.000020160000000000003,
2021-10-10 16:40:00,54,0.00000882,0.00000857,0.000020160000000000003,
2021-10-10 16:35:00,52,0.00000875,0.00000025,0.000011520000000000002,
2021-10-10 16:35:00,54,0.00000875,0.00000850,0.000011520000000000002,
2021-10-10 16:30:00,52,0.00000871,0.00000025,0.000020160000000000003,
2021-10-10 16:30:00,54,0.00000871,0.00000846,0.000020160000000000003,
2021-10-10 16:25:00,52,0.00000864,0.00000025,0.00003168,
2021-10-10 16:25:00,54,0.00000864,0.00000839,0.00003168,
2021-10-10 16:20:00,52,0.00000853,0.00000025,0.000014400000000000001,
2021-10-10 16:20:00,54,0.00000853,0.00000828,0.000014400000000000001,
2021-10-10 16:15:00,52,0.00000848,0.00000025,0.000020160000000000003,
2021-10-10 16:15:00,54,0.00000848,0.00000823,0.000020160000000000003,
2021-10-10 16:10:00,52,0.00000841,0.00000025,0.000014400000000000001,
2021-10-10 16:10:00,54,0.00000841,0.00000816,0.000014400000000000001,
2021-10-10 16:05:00,52,0.00000836,0.00000025,0.000017279999999999997,
2021-10-10 16:05:00,54,0.00000836,0.00000811,0.000017279999999999997,
2021-10-10 16:00:00,52,0.00000830,0.00000025,0.000011520000000000002,
2021-10-10 16:00:00,54,0.00000830,0.00000805,0.000011520000000000002,
2021-10-10 15:55:00,52,0.00000826,0.00000025,0.000023040000000000003,
2021-10-10 15:55:00,54,0.00000826,0.00000801,0.000023040000000000003,
2021-10-10 15:50:00,52,0.00000818,0.00000025,0.000020159999999999997,
2021-10-10 15:50:00,54,0.00000818,0.00000793,0.000020159999999999997,
2021-10-10 15:45:00,52,0.00000811,0.00000025,0.00003168,
2021-10-10 15:45:00,54,0.00000811,0.00000786,0.00003168,
2021-10-10 15:40:00,52,0.00000800,0.00000025,0.000023040000000000003,
2021-10-10 15:40:00,54,0.00000800,0.00000775,0.000023040000000000003,
2021-10-10 15:35:00,52,0.00000792,0.00000025,0.000017280000000000004,
2021-10-10 15:35:00,54,0.00000792,0.00000767,0.000017280000000000004,
2021-10-10 15:30:00,52,0.00000786,0.00000025,0.000011520000000000002,
2021-10-10 15:30:00,54,0.00000786,0.00000761,0.000011520000000000002,
2021-10-10 15:25:00,52,0.00000782,0.00000025,0.000023040000000000003,
2021-10-10 15:25:00,54,0.00000782,0.00000757,0.000023040000000000003,
2021-10-10 15:20:00,52,0.00000774,0.00000025,0.000014400000000000001,
2021-10-10 15:20:00,54,0.00000774,0.00000749,0.000014400000000000001,
2021-10-10 15:15:00,52,0.00000769,0.00000025,0.000020160000000000003,
2021-10-10 15:15:00,54,0.00000769,0.00000744,0.000020160000000000003,
2021-10-10 15:10:00,52,0.00000762,0.00000025,0.000023040000000000003,
2021-10-10 15:10:00,54,0.00000762,0.00000737,0.000023040000000000003,
2021-10-10 15:05:00,52,0.00000754,0.00000025,0.000008640000000000002,
2021-10-10 15:05:00,54,0.00000754,0.00000729,0.000008640000000000002,
2021-10-10 15:00:00,52,0.00000751,0.00000025,0.000023040000000000003,
2021-10-10 15:00:00,54,0.00000751,0.00000726,0.000023040000000000003,
2021-10-10 14:55:00,52,0.00000743,0.00000025,0.000017280000000000004,
2021-10-10 14:55:00,54,0.00000743,0.00000718,0.000017280000000000004,
2021-10-10 14:50:00,52,0.00000737,0.00000025,0.000008640000000000002,
2021-10-10 14:50:00,54,0.00000737,0.00000712,0.000008640000000000002,
2021-10-10 14:45:00,52,0.00000734,0.00000025,0.000014400000000000001,
2021-10-10 14:45:00,54,0.00000734,0.00000709,0.000014400000000000001,
2021-10-10 14:40:00,52,0.00000729,0.00000025,0.000017279999999999997,
2021-10-10 14:40:00,54,0.00000729,0.00000704,0.000017279999999999997,
2021-10-10 14:35:00,52,0.00000723,0.00000025,0.000023040000000000003,
2021-10-10 14:35:00,54,0.00000723,0.00000698,0.000023040000000000003,
2021-10-10 14:30:00,52,0.00000715,0.00000025,0.000017280000000000004,
2021-10-10 14:30:00,54,0.00000715,0.00000690,0.000017280000000000004,
2021-10-10 14:25:00,52,0.00000709,0.00000025,0.000011520000000000002,
2021-10-10 14:25:00,54,0.00000709,0.00000684,0.000011520000000000002,
2021-10-10 14:20:00,52,0.00000705,0.00000025,0.000011520000000000002,
2021-10-10 14:20:00,54,0.00000705,0.00000680,0.000011520000000000002,
2021-10-10 14:15:00,52,0.00000701,0.00000025,0,
2021-10-10 14:15:00,54,0.00000701,0.00000676,0,
2021-10-10 14:00:00,52,0.00000700,0.00000025,0.000017280000000000004,
2021-10-10 14:00:00,54,0.00000700,0.00000675,0.000017280000000000004,
2021-10-10 13:55:00,52,0.00000694,0.00000025,0.000023040000000000003,
2021-10-10 13:55:00,54,0.00000694,0.00000669,0.000023040000000000003,
2021-10-10 13:50:00,52,0.00000686,0.00000025,0.000017279999999999997,
2021-10-10 13:50:00,54,0.00000686,0.00000661,0.000017279999999999997,
2021-10-10 13:45:00,52,0.00000680,0.00000025,0.000028800000000000002,
2021-10-10 13:45:00,54,0.00000680,0.00000655,0.000028800000000000002,
2021-10-10 13:40:00,52,0.00000670,0.00000025,0.000025920000000000003,
2021-10-10 13:40:00,54,0.00000670,0.00000645,0.000025920000000000003,
2021-10-10 13:35:00,52,0.00000661,0.00000025,0.000014400000000000001,
2021-10-10 13:35:00,54,0.00000661,0.00000636,0.000014400000000000001,
2021-10-10 13:30:00,52,0.00000656,0.00000025,0.000017279999999999997,
2021-10-10 13:30:00,54,0.00000656,0.00000631,0.000017279999999999997,
2021-10-10 13:25:00,52,0.00000650,0.00000025,0.000014400000000000001,
2021-10-10 13:25:00,54,0.00000650,0.00000625,0.000014400000000000001,
2021-10-10 13:20:00,52,0.00000645,0.00000025,0.000020160000000000003,
2021-10-10 13:20:00,54,0.00000645,0.00000620,0.000020160000000000003,
2021-10-10 13:15:00,52,0.00000638,0.00000025,0.000008640000000000002,
2021-10-10 13:15:00,54,0.00000638,0.00000613,0.000008640000000000002,
2021-10-10 13:10:00,52,0.00000635,0.00000025,0.00003168,
2021-10-10 13:10:00,54,0.00000635,0.00000610,0.00003168,
2021-10-10 13:05:00,52,0.00000624,0.00000025,0.000023040000000000003,
2021-10-10 13:05:00,54,0.00000624,0.00000599,0.000023040000000000003,
2021-10-10 13:00:00,52,0.00000616,0.00000025,0.000017280000000000004,
2021-10-10 13:00:00,54,0.00000616,0.00000591,0.000017280000000000004,
2021-10-10 12:55:00,52,0.00000610,0.00000025,0.000020160000000000003,
2021-10-10 12:55:00,54,0.00000610,0.00000585,0.000020160000000000003,
2021-10-10 12:50:00,52,0.00000603,0.00000025,0.000014400000000000001,
2021-10-10 12:50:00,54,0.00000603,0.00000578,0.000014400000000000001,
2021-10-10 12:45:00,52,0.00000598,0.00000025,0.000020160000000000003,
2021-10-10 12:45:00,54,0.00000598,0.00000573,0.000020160000000000003,
2021-10-10 12:40:00,52,0.00000591,0.00000025,0.000020159999999999997,
2021-10-10 12:40:00,54,0.00000591,0.00000566,0.000020159999999999997,
2021-10-10 12:35:00,52,0.00000584,0.00000025,0.000023040000000000003,
2021-10-10 12:35:00,54,0.00000584,0.00000559,0.000023040000000000003,
2021-10-10 12:30:00,52,0.00000576,0.00000025,0.000005760000000000001,
2021-10-10 12:30:00,54,0.00000576,0.00000551,0.000005760000000000001,
2021-10-10 12:25:00,52,0.00000574,0.00000025,0.000023039999999999996,
2021-10-10 12:25:00,54,0.00000574,0.00000549,0.000023039999999999996,
2021-10-10 12:20:00,52,0.00000566,0.00000025,0.000017280000000000004,
2021-10-10 12:20:00,54,0.00000566,0.00000541,0.000017280000000000004,
2021-10-10 12:15:00,52,0.00000560,0.00000025,0.000017280000000000004,
2021-10-10 12:15:00,54,0.00000560,0.00000535,0.000017280000000000004,
2021-10-10 12:10:00,52,0.00000554,0.00000025,0.000017280000000000004,
2021-10-10 12:10:00,54,0.00000554,0.00000529,0.000017280000000000004,
2021-10-10 12:05:00,52,0.00000548,0.00000025,0.000025919999999999992,
2021-10-10 12:05:00,54,0.00000548,0.00000523,0.000025919999999999992,
2021-10-10 12:00:00,52,0.00000539,0.00000025,0.000023040000000000003,
2021-10-10 12:00:00,54,0.00000539,0.00000514,0.000023040000000000003,
2021-10-10 11:55:00,52,0.00000531,0.00000025,0.000020160000000000003,
2021-10-10 11:55:00,54,0.00000531,0.00000506,0.000020160000000000003,
2021-10-10 11:50:00,52,0.00000524,0.00000025,0.000014400000000000001,
2021-10-10 11:50:00,54,0.00000524,0.00000499,0.000014400000000000001,
2021-10-10 11:45:00,52,0.00000519,0.00000025,0.000020160000000000003,
2021-10-10 11:45:00,54,0.00000519,0.00000494,0.000020160000000000003,
2021-10-10 11:40:00,52,0.00000512,0.00000025,0.000017280000000000004,
2021-10-10 11:40:00,54,0.00000512,0.00000487,0.000017280000000000004,
2021-10-10 11:35:00,52,0.00000506,0.00000025,0.000017280000000000004,
2021-10-10 11:35:00,54,0.00000506,0.00000481,0.000017280000000000004,
2021-10-10 11:30:00,52,0.00000500,0.00000025,0.000020159999999999997,
2021-10-10 11:30:00,54,0.00000500,0.00000475,0.000020159999999999997,
2021-10-10 11:25:00,52,0.00000493,0.00000025,0.000020160000000000003,
2021-10-10 11:25:00,54,0.00000493,0.00000468,0.000020160000000000003,
2021-10-10 11:20:00,52,0.00000486,0.00000025,0.00003168,
2021-10-10 11:20:00,54,0.00000486,0.00000461,0.00003168,
2021-10-10 11:15:00,52,0.00000475,0.00000025,0.000005760000000000001,
2021-10-10 11:15:00,54,0.00000475,0.00000450,0.000005760000000000001,
2021-10-10 11:10:00,52,0.00000472,0.00000024,0.000011520000000000002,
2021-10-10 11:10:00,54,0.00000472,0.00000448,0.000011520000000000002,
2021-10-10 11:05:00,52,0.00000468,0.00000020,0.000011520000000000002,
2021-10-10 11:05:00,54,0.00000468,0.00000448,0.000011520000000000002,
2021-10-10 11:00:00,52,0.00000464,0.00000016,0.000020160000000000003,
2021-10-10 11:00:00,54,0.00000464,0.00000448,0.000020160000000000003,
2021-10-10 10:55:00,52,0.00000457,0.00000016,0.000017280000000000004,
2021-10-10 10:55:00,54,0.00000457,0.00000441,0.000017280000000000004,
2021-10-10 10:50:00,52,0.00000451,0.00000016,0.000020160000000000003,
2021-10-10 10:50:00,54,0.00000451,0.00000435,0.000020160000000000003,
2021-10-10 10:45:00,52,0.00000444,0.00000016,0.000011520000000000002,
2021-10-10 10:45:00,54,0.00000444,0.00000428,0.000011520000000000002,
2021-10-10 10:40:00,52,0.00000440,0.00000016,0.000017280000000000004,
2021-10-10 10:40:00,54,0.00000440,0.00000424,0.000017280000000000004,
2021-10-10 10:35:00,52,0.00000434,0.00000016,0.000023040000000000003,
2021-10-10 10:35:00,54,0.00000434,0.00000418,0.000023040000000000003,
2021-10-10 10:30:00,52,0.00000426,0.00000016,0.000023040000000000003,
2021-10-10 10:30:00,54,0.00000426,0.00000410,0.000023040000000000003,
2021-10-10 10:25:00,52,0.00000418,0.00000016,0.000028800000000000002,
2021-10-10 10:25:00,54,0.00000418,0.00000402,0.000028800000000000002,
2021-10-10 10:20:00,52,0.00000408,0.00000016,0.000017280000000000004,
2021-10-10 10:20:00,54,0.00000408,0.00000392,0.000017280000000000004,
2021-10-10 10:15:00,52,0.00000402,0.00000016,0.000023040000000000003,
2021-10-10 10:15:00,54,0.00000402,0.00000386,0.000023040000000000003,
2021-10-10 10:10:00,52,0.00000394,0.00000016,0.000025920000000000003,
2021-10-10 10:10:00,54,0.00000394,0.00000378,0.000025920000000000003,
2021-10-10 10:05:00,52,0.00000385,0.00000016,0.000023040000000000003,
2021-10-10 10:05:00,54,0.00000385,0.00000369,0.000023040000000000003,
2021-10-10 10:00:00,52,0.00000377,0.00000016,0.000017280000000000004,
2021-10-10 10:00:00,54,0.00000377,0.00000361,0.000017280000000000004,
2021-10-10 09:55:00,52,0.00000371,0.00000016,0.000025920000000000003,
2021-10-10 09:55:00,54,0.00000371,0.00000355,0.000025920000000000003,
2021-10-10 09:50:00,52,0.00000362,0.00000016,0.000011520000000000002,
2021-10-10 09:50:00,54,0.00000362,0.00000346,0.000011520000000000002,
2021-10-10 09:45:00,52,0.00000358,0.00000016,0.000011520000000000002,
2021-10-10 09:45:00,54,0.00000358,0.00000342,0.000011520000000000002,
2021-10-10 09:40:00,52,0.00000354,0.00000012,0.000014400000000000001,
2021-10-10 09:40:00,54,0.00000354,0.00000342,0.000014400000000000001,
2021-10-10 09:35:00,52,0.00000349,0.00000007,0.000020159999999999997,
2021-10-10 09:35:00,54,0.00000349,0.00000342,0.000020159999999999997,
2021-10-10 09:30:00,52,0.00000342,0.00000000,0.000020160000000000003,
2021-10-10 09:30:00,54,0.00000342,0.00000342,0.000020160000000000003,
2021-10-10 09:25:00,54,0.00000336,0.00000336,0.000028800000000000002,
2021-10-10 09:20:00,54,0.00000326,0.00000326,0.000020160000000000003,
2021-10-10 09:15:00,54,0.00000319,0.00000319,0.000023040000000000003,
2021-10-10 09:10:00,54,0.00000311,0.00000311,0.000017279999999999997,
2021-10-10 09:05:00,54,0.00000305,0.00000305,0.000020159999999999997,
2021-10-10 09:00:00,54,0.00000298,0.00000298,0.000011520000000000002,
2021-10-10 08:55:00,54,0.00000294,0.00000294,0.000023040000000000003,
2021-10-10 08:50:00,54,0.00000286,0.00000286,0.000017280000000000004,
2021-10-10 08:45:00,54,0.00000280,0.00000280,0.000014400000000000001,
2021-10-10 08:40:00,54,0.00000275,0.00000275,0.000023040000000000003,
2021-10-10 08:35:00,54,0.00000267,0.00000267,0.000023040000000000003,
2021-10-10 08:30:00,54,0.00000259,0.00000259,0.00002592,
2021-10-10 08:25:00,54,0.00000250,0.00000250,0.000011520000000000002,
2021-10-10 08:20:00,54,0.00000246,0.00000246,0.000014400000000000001,
2021-10-10 08:15:00,54,0.00000241,0.00000241,0.000011520000000000002,
2021-10-10 08:10:00,54,0.00000237,0.00000237,0.000020160000000000003,
2021-10-10 08:05:00,54,0.00000230,0.00000230,0.000020159999999999997,
2021-10-10 08:00:00,54,0.00000223,0.00000223,0.000017279999999999997,
2021-10-10 07:55:00,54,0.00000217,0.00000217,0.000008640000000000002,
2021-10-10 07:50:00,54,0.00000214,0.00000214,0.000017280000000000004,
2021-10-10 07:45:00,54,0.00000208,0.00000208,0.000011520000000000002,
2021-10-10 07:40:00,54,0.00000204,0.00000204,0.000023040000000000003,
2021-10-10 07:35:00,54,0.00000196,0.00000196,0.000017279999999999997,
2021-10-10 07:30:00,54,0.00000190,0.00000190,0.000020159999999999997,
2021-10-10 07:25:00,54,0.00000183,0.00000183,0.000020159999999999997,
2021-10-10 07:20:00,54,0.00000176,0.00000176,0.00002592,
2021-10-10 07:15:00,54,0.00000167,0.00000167,0.000014400000000000001,
2021-10-10 07:10:00,54,0.00000162,0.00000162,0.00003168,
2021-10-10 07:05:00,54,0.00000151,0.00000151,0.000014400000000000001,
2021-10-10 07:00:00,54,0.00000146,0.00000146,0.000017280000000000004,
2021-10-10 06:55:00,54,0.00000140,0.00000140,0.000017280000000000004,
2021-10-10 06:50:00,54,0.00000134,0.00000134,0.000017280000000000004,
2021-10-10 06:45:00,54,0.00000128,0.00000128,0.000020159999999999997,
2021-10-10 06:40:00,54,0.00000121,0.00000121,0.000017280000000000004,
2021-10-10 06:35:00,54,0.00000115,0.00000115,0.000014400000000000001,
2021-10-10 06:30:00,54,0.00000110,0.00000110,0.000008640000000000002,
2021-10-10 06:25:00,54,0.00000107,0.00000107,0.000020159999999999997,
2021-10-10 06:20:00,54,0.00000100,0.00000100,0.000020160000000000003,
2021-10-10 06:15:00,54,0.00000093,0.00000093,0.000020160000000000003,
2021-10-10 06:10:00,54,0.00000086,0.00000086,0.000023040000000000003,
2021-10-10 06:05:00,54,0.00000078,0.00000078,0.000014400000000000001,
2021-10-10 06:00:00,54,0.00000073,0.00000073,0.000020159999999999997,
2021-10-10 05:55:00,54,0.00000066,0.00000066,0.000020160000000000003,
2021-10-10 05:50:00,54,0.00000059,0.00000059,0.000014400000000000001,
2021-10-10 05:45:00,54,0.00000054,0.00000054,0.000014400000000000001,
2021-10-10 05:40:00,54,0.00000049,0.00000049,0.000023040000000000003,
2021-10-10 05:35:00,54,0.00000041,0.00000041,0.000014400000000000001,
2021-10-10 05:30:00,54,0.00000036,0.00000036,0.000017280000000000004,
2021-10-10 05:25:00,54,0.00000030,0.00000030,0.000025920000000000003,
2021-10-10 05:20:00,54,0.00000021,0.00000021,0.000020160000000000003,
2021-10-10 05:15:00,54,0.00000014,0.00000014,0.000020160000000000003,
2021-10-10 05:10:00,54,0.00000007,0.00000007,0.000014400000000000001,
2021-10-10 05:05:00,0,0.00000002,0.00000000,0,
2021-10-10 05:05:00,54,0.00000002,0.00000002,0,
2021-10-10 00:00:00,0,0.00000000,0.00000000,0,
2021-10-10 00:00:00,54,0.00000000,0.00000000,0,
2021-10-09 23:59:59,54,0.00001000,0.00001000,0.000011520000000000002,
2021-10-09 16:40:00,54,0.00000999,0.00000999,0.000008640000000000002,
2021-10-09 16:35:00,54,0.00000996,0.00000996,0.000023040000000000003,
2021-10-09 16:30:00,54,0.00000988,0.00000988,0.000020160000000000003,
2021-10-09 16:25:00,54,0.00000981,0.00000981,0.000017280000000000004,
2021-10-09 16:20:00,54,0.00000975,0.00000975,0.00002592,
2021-10-09 16:15:00,54,0.00000966,0.00000966,0.000025920000000000003,
2021-10-09 16:10:00,54,0.00000957,0.00000957,0.000020160000000000003,
2021-10-09 16:05:00,54,0.00000950,0.00000950,0.000008640000000000002,
2021-10-09 16:00:00,54,0.00000947,0.00000947,0.000025920000000000003,
2021-10-09 15:55:00,54,0.00000938,0.00000938,0.000011520000000000002,
2021-10-09 15:50:00,54,0.00000934,0.00000934,0.000023040000000000003,
2021-10-09 15:45:00,54,0.00000926,0.00000926,0.000020159999999999997,
2021-10-09 15:40:00,54,0.00000919,0.00000919,0.000017280000000000004,
2021-10-09 15:35:00,54,0.00000913,0.00000913,0.000014400000000000001,
2021-10-09 15:30:00,54,0.00000908,0.00000908,0.000011520000000000002,
2021-10-09 15:25:00,54,0.00000904,0.00000904,0.000014400000000000001,
2021-10-09 15:20:00,54,0.00000899,0.00000899,0.000014400000000000001,
2021-10-09 15:15:00,54,0.00000894,0.00000894,0.000023040000000000003,
2021-10-09 15:10:00,54,0.00000886,0.00000886,0.000020160000000000003,
2021-10-09 15:05:00,54,0.00000879,0.00000879,0.000020159999999999997,
2021-10-09 15:00:00,54,0.00000874,0.00000874,0.000014400000000000001,
2021-10-09 14:55:00,54,0.00000868,0.00000868,0.000014400000000000001,
2021-10-09 14:50:00,54,0.00000863,0.00000863,0.000023040000000000003,
2021-10-09 14:45:00,54,0.00000853,0.00000853,0.000017280000000000004,
2021-10-09 14:40:00,54,0.00000847,0.00000847,0.000023040000000000003,
2021-10-09 14:35:00,54,0.00000839,0.00000839,0.000014400000000000001,
2021-10-09 14:30:00,54,0.00000834,0.00000834,0.00003168,
2021-10-09 14:25:00,54,0.00000823,0.00000823,0.000023040000000000003,
2021-10-09 14:20:00,54,0.00000815,0.00000815,0.000023040000000000003,
2021-10-09 14:15:00,54,0.00000807,0.00000807,0.000014400000000000001,
2021-10-09 14:10:00,54,0.00000802,0.00000802,0.000023040000000000003,
2021-10-09 14:05:00,54,0.00000795,0.00000795,0.000020160000000000003,
2021-10-09 14:00:00,54,0.00000787,0.00000787,0.000011520000000000002,
2021-10-09 13:55:00,54,0.00000783,0.00000783,0.000017280000000000004,
2021-10-09 13:50:00,54,0.00000777,0.00000777,0.00002592,
2021-10-09 13:45:00,54,0.00000768,0.00000768,0.000028800000000000002,
2021-10-09 13:40:00,54,0.00000759,0.00000759,0.000014400000000000001,
2021-10-09 13:35:00,54,0.00000753,0.00000753,0.000014400000000000001,
2021-10-09 13:30:00,54,0.00000746,0.00000746,0.000011520000000000002,
2021-10-09 13:25:00,54,0.00000742,0.00000742,0.000017280000000000004,
2021-10-09 13:20:00,54,0.00000736,0.00000736,0.000023040000000000003,
2021-10-09 13:15:00,54,0.00000728,0.00000728,0.000017280000000000004,
2021-10-09 13:10:00,54,0.00000724,0.00000724,0.000023040000000000003,
2021-10-09 13:05:00,54,0.00000715,0.00000715,0.000025920000000000003,
2021-10-09 13:00:00,54,0.00000706,0.00000706,0.000011520000000000002,
2021-10-09 12:55:00,54,0.00000702,0.00000702,0.000017280000000000004,
2021-10-09 12:50:00,54,0.00000694,0.00000694,0.000011520000000000002,
2021-10-09 12:45:00,54,0.00000689,0.00000689,0.000014400000000000001,
2021-10-09 12:40:00,54,0.00000684,0.00000684,0.000014400000000000001,
2021-10-09 12:35:00,54,0.00000679,0.00000679,0.000020160000000000003,
2021-10-09 12:30:00,54,0.00000672,0.00000672,0.000011520000000000002,
2021-10-09 12:25:00,54,0.00000666,0.00000666,0.000020159999999999997,
2021-10-09 12:20:00,54,0.00000659,0.00000659,0.000017280000000000004,
2021-10-09 12:15:00,54,0.00000653,0.00000653,0.000017280000000000004,
2021-10-09 12:10:00,54,0.00000647,0.00000647,0.000017279999999999997,
2021-10-09 12:05:00,54,0.00000641,0.00000641,0.000020160000000000003,
2021-10-09 12:00:00,54,0.00000634,0.00000634,0.000023040000000000003,
2021-10-09 11:55:00,54,0.00000626,0.00000626,0.000025920000000000003,
2021-10-09 11:50:00,54,0.00000617,0.00000617,0.000017280000000000004,
2021-10-09 11:45:00,54,0.00000611,0.00000611,0.000008640000000000002,
2021-10-09 11:40:00,54,0.00000608,0.00000608,0.000025919999999999992,
2021-10-09 11:35:00,54,0.00000600,0.00000600,0.000017280000000000004,
2021-10-09 11:30:00,54,0.00000592,0.00000592,0.000014400000000000001,
2021-10-09 11:25:00,54,0.00000587,0.00000587,0.000014400000000000001,
2021-10-09 11:20:00,54,0.00000583,0.00000583,0.000020160000000000003,
2021-10-09 11:15:00,54,0.00000576,0.00000576,0.000023040000000000003,
2021-10-09 11:10:00,54,0.00000568,0.00000568,0.000017280000000000004,
2021-10-09 11:05:00,54,0.00000562,0.00000562,0.000008640000000000002,
2021-10-09 11:00:00,54,0.00000560,0.00000560,0.000014400000000000001,
2021-10-09 10:55:00,54,0.00000554,0.00000554,0.000017279999999999997,
2021-10-09 10:50:00,54,0.00000548,0.00000548,0.000017279999999999997,
2021-10-09 10:45:00,54,0.00000542,0.00000542,0.000014400000000000001,
2021-10-09 10:40:00,54,0.00000537,0.00000537,0.000023040000000000003,
2021-10-09 10:35:00,54,0.00000528,0.00000528,0.000017280000000000004,
2021-10-09 10:30:00,54,0.00000520,0.00000520,0.000017279999999999997,
2021-10-09 10:25:00,54,0.00000512,0.00000512,0.000017280000000000004,
2021-10-09 10:20:00,54,0.00000504,0.00000504,0.000023039999999999996,
2021-10-09 10:15:00,54,0.00000498,0.00000498,0.000023040000000000003,
2021-10-09 10:10:00,54,0.00000490,0.00000490,0.000023040000000000003,
2021-10-09 10:05:00,54,0.00000482,0.00000482,0.000008640000000000002,
2021-10-09 10:00:00,54,0.00000478,0.00000478,0.000014400000000000001,
2021-10-09 09:55:00,54,0.00000473,0.00000473,0.000020160000000000003,
2021-10-09 09:50:00,54,0.00000466,0.00000466,0.000020160000000000003,
2021-10-09 09:45:00,54,0.00000459,0.00000459,0.000014400000000000001,
2021-10-09 09:40:00,54,0.00000454,0.00000454,0.000011520000000000002,
2021-10-09 09:35:00,54,0.00000451,0.00000451,0.000011520000000000002,
2021-10-09 09:30:00,54,0.00000447,0.00000447,0.000023040000000000003,
2021-10-09 09:25:00,54,0.00000439,0.00000439,0.000020159999999999997,
2021-10-09 09:20:00,54,0.00000432,0.00000432,0.000011520000000000002,
2021-10-09 09:15:00,54,0.00000428,0.00000428,0.000017280000000000004,
2021-10-09 09:10:00,54,0.00000422,0.00000422,0.000014400000000000001,
2021-10-09 09:05:00,54,0.00000417,0.00000417,0.000020160000000000003,
2021-10-09 09:00:00,54,0.00000410,0.00000410,0.000017279999999999997,
2021-10-09 08:55:00,54,0.00000404,0.00000404,0.000025920000000000003,
2021-10-09 08:50:00,54,0.00000395,0.00000395,0.000020160000000000003,
2021-10-09 08:45:00,54,0.00000388,0.00000388,0.000014400000000000001,
2021-10-09 08:40:00,54,0.00000383,0.00000383,0.000017280000000000004,
2021-10-09 08:35:00,54,0.00000377,0.00000377,0.000020160000000000003,
2021-10-09 08:30:00,54,0.00000370,0.00000370,0.000011520000000000002,
2021-10-09 08:25:00,54,0.00000366,0.00000366,0.000017280000000000004,
2021-10-09 08:20:00,54,0.00000361,0.00000361,0.000028800000000000002,
2021-10-09 08:15:00,54,0.00000351,0.00000351,0.000014400000000000001,
2021-10-09 08:10:00,54,0.00000346,0.00000346,0.000025920000000000003,
2021-10-09 08:05:00,54,0.00000337,0.00000337,0.000020160000000000003,
2021-10-09 08:00:00,54,0.00000328,0.00000328,0.000017280000000000004,
2021-10-09 07:55:00,54,0.00000322,0.00000322,0.000023040000000000003,
2021-10-09 07:50:00,54,0.00000314,0.00000314,0.000017279999999999997,
2021-10-09 07:45:00,54,0.00000308,0.00000308,0.000020160000000000003,
2021-10-09 07:40:00,54,0.00000301,0.00000301,0.000028800000000000002,
2021-10-09 07:35:00,54,0.00000291,0.00000291,0.000023040000000000003,
2021-10-09 07:30:00,54,0.00000283,0.00000283,0.000017279999999999997,
2021-10-09 07:25:00,54,0.00000277,0.00000277,0.000014400000000000001,
2021-10-09 07:20:00,54,0.00000272,0.00000272,0.000020160000000000003,
2021-10-09 07:15:00,54,0.00000265,0.00000265,0.00002592,
2021-10-09 07:10:00,54,0.00000254,0.00000254,0.000011520000000000002,
2021-10-09 07:05:00,54,0.00000250,0.00000250,0.000023040000000000003,
2021-10-09 07:00:00,54,0.00000242,0.00000242,0.000017280000000000004,
2021-10-09 06:55:00,54,0.00000237,0.00000237,0.000020160000000000003,
2021-10-09 06:50:00,54,0.00000228,0.00000228,0.000020160000000000003,
2021-10-09 06:45:00,54,0.00000219,0.00000219,0.000023040000000000003,
2021-10-09 06:40:00,54,0.00000212,0.00000212,0.000020160000000000003,
2021-10-09 06:35:00,54,0.00000203,0.00000203,0.000014400000000000001,
2021-10-09 06:30:00,54,0.00000195,0.00000195,0.000017280000000000004,
2021-10-09 06:25:00,54,0.00000189,0.00000189,0.000017279999999999997,
2021-10-09 06:20:00,54,0.00000183,0.00000183,0.000014400000000000001,
2021-10-09 06:15:00,54,0.00000177,0.00000177,0.000014400000000000001,
2021-10-09 06:10:00,54,0.00000172,0.00000172,0.000014400000000000001,